model_type,dataset_type,stem,original_path,watermarked_path,logmel_score,stft_score
audioseal,bonafide,E_0004056257,datasets/ASVspoof5_partitions/audio_data/bonafide/E_0004056257.flac,watermarked_audios/audioseal/bonafide/E_0004056257_watermarked.flac,0.3277568817138672,0.2243889570236206
audioseal,bonafide,E_0003386003,datasets/ASVspoof5_partitions/audio_data/bonafide/E_0003386003.flac,watermarked_audios/audioseal/bonafide/E_0003386003_watermarked.flac,0.44403722882270813,0.282858669757843
audioseal,bonafide,E_0000736300,datasets/ASVspoof5_partitions/audio_data/bonafide/E_0000736300.flac,watermarked_audios/audioseal/bonafide/E_0000736300_watermarked.flac,0.407164603471756,0.2619946002960205
audioseal,bonafide,E_0009191360,datasets/ASVspoof5_partitions/audio_data/bonafide/E_0009191360.flac,watermarked_audios/audioseal/bonafide/E_0009191360_watermarked.flac,0.33691728115081787,0.22597093880176544
audioseal,bonafide,E_0001255274,datasets/ASVspoof5_partitions/audio_data/bonafide/E_0001255274.flac,watermarked_audios/audioseal/bonafide/E_0001255274_watermarked.flac,0.27281269431114197,0.18952859938144684
audioseal,bonafide,E_0000485164,datasets/ASVspoof5_partitions/audio_data/bonafide/E_0000485164.flac,watermarked_audios/audioseal/bonafide/E_0000485164_watermarked.flac,0.3099794089794159,0.20954148471355438
audioseal,bonafide,E_0004395059,datasets/ASVspoof5_partitions/audio_data/bonafide/E_0004395059.flac,watermarked_audios/audioseal/bonafide/E_0004395059_watermarked.flac,0.3652081787586212,0.2427780032157898
audioseal,bonafide,E_0007758447,datasets/ASVspoof5_partitions/audio_data/bonafide/E_0007758447.flac,watermarked_audios/audioseal/bonafide/E_0007758447_watermarked.flac,0.37943100929260254,0.2497386485338211
audioseal,bonafide,E_0006572936,datasets/ASVspoof5_partitions/audio_data/bonafide/E_0006572936.flac,watermarked_audios/audioseal/bonafide/E_0006572936_watermarked.flac,0.3798013925552368,0.2410971075296402
audioseal,bonafide,E_0009644713,datasets/ASVspoof5_partitions/audio_data/bonafide/E_0009644713.flac,watermarked_audios/audioseal/bonafide/E_0009644713_watermarked.flac,0.48960018157958984,0.3108103275299072
audioseal,bonafide,E_0000551472,datasets/ASVspoof5_partitions/audio_data/bonafide/E_0000551472.flac,watermarked_audios/audioseal/bonafide/E_0000551472_watermarked.flac,0.4683302044868469,0.30653712153434753
audioseal,bonafide,E_0007226810,datasets/ASVspoof5_partitions/audio_data/bonafide/E_0007226810.flac,watermarked_audios/audioseal/bonafide/E_0007226810_watermarked.flac,0.30471256375312805,0.20055155456066132
audioseal,bonafide,E_0005768825,datasets/ASVspoof5_partitions/audio_data/bonafide/E_0005768825.flac,watermarked_audios/audioseal/bonafide/E_0005768825_watermarked.flac,0.31298714876174927,0.22738711535930634
audioseal,bonafide,E_0001164835,datasets/ASVspoof5_partitions/audio_data/bonafide/E_0001164835.flac,watermarked_audios/audioseal/bonafide/E_0001164835_watermarked.flac,0.3557250201702118,0.23875115811824799
audioseal,bonafide,E_0003250772,datasets/ASVspoof5_partitions/audio_data/bonafide/E_0003250772.flac,watermarked_audios/audioseal/bonafide/E_0003250772_watermarked.flac,0.3345632553100586,0.2118939906358719
audioseal,bonafide,E_0004271474,datasets/ASVspoof5_partitions/audio_data/bonafide/E_0004271474.flac,watermarked_audios/audioseal/bonafide/E_0004271474_watermarked.flac,0.6147488951683044,0.3620310425758362
audioseal,bonafide,E_0009752194,datasets/ASVspoof5_partitions/audio_data/bonafide/E_0009752194.flac,watermarked_audios/audioseal/bonafide/E_0009752194_watermarked.flac,0.3653301000595093,0.24589936435222626
audioseal,bonafide,E_0002072198,datasets/ASVspoof5_partitions/audio_data/bonafide/E_0002072198.flac,watermarked_audios/audioseal/bonafide/E_0002072198_watermarked.flac,0.297381728887558,0.20610234141349792
audioseal,bonafide,E_0004152212,datasets/ASVspoof5_partitions/audio_data/bonafide/E_0004152212.flac,watermarked_audios/audioseal/bonafide/E_0004152212_watermarked.flac,0.3293502628803253,0.2152109295129776
audioseal,bonafide,E_0007689277,datasets/ASVspoof5_partitions/audio_data/bonafide/E_0007689277.flac,watermarked_audios/audioseal/bonafide/E_0007689277_watermarked.flac,0.37232258915901184,0.23323720693588257
audioseal,bonafide,E_0009641835,datasets/ASVspoof5_partitions/audio_data/bonafide/E_0009641835.flac,watermarked_audios/audioseal/bonafide/E_0009641835_watermarked.flac,0.3075825572013855,0.22763417661190033
audioseal,bonafide,E_0005073239,datasets/ASVspoof5_partitions/audio_data/bonafide/E_0005073239.flac,watermarked_audios/audioseal/bonafide/E_0005073239_watermarked.flac,0.47126877307891846,0.32869431376457214
audioseal,bonafide,E_0002159850,datasets/ASVspoof5_partitions/audio_data/bonafide/E_0002159850.flac,watermarked_audios/audioseal/bonafide/E_0002159850_watermarked.flac,0.25931426882743835,0.17214199900627136
audioseal,bonafide,E_0001317040,datasets/ASVspoof5_partitions/audio_data/bonafide/E_0001317040.flac,watermarked_audios/audioseal/bonafide/E_0001317040_watermarked.flac,0.47198963165283203,0.27198630571365356
audioseal,bonafide,E_0009616813,datasets/ASVspoof5_partitions/audio_data/bonafide/E_0009616813.flac,watermarked_audios/audioseal/bonafide/E_0009616813_watermarked.flac,0.33634987473487854,0.22985826432704926
audioseal,bonafide,E_0009571582,datasets/ASVspoof5_partitions/audio_data/bonafide/E_0009571582.flac,watermarked_audios/audioseal/bonafide/E_0009571582_watermarked.flac,0.29419848322868347,0.20191462337970734
audioseal,bonafide,E_0000077580,datasets/ASVspoof5_partitions/audio_data/bonafide/E_0000077580.flac,watermarked_audios/audioseal/bonafide/E_0000077580_watermarked.flac,0.36383312940597534,0.23426374793052673
audioseal,bonafide,E_0000786443,datasets/ASVspoof5_partitions/audio_data/bonafide/E_0000786443.flac,watermarked_audios/audioseal/bonafide/E_0000786443_watermarked.flac,0.340360552072525,0.23230233788490295
audioseal,bonafide,E_0003422207,datasets/ASVspoof5_partitions/audio_data/bonafide/E_0003422207.flac,watermarked_audios/audioseal/bonafide/E_0003422207_watermarked.flac,0.3583819270133972,0.2608949840068817
audioseal,bonafide,E_0003451380,datasets/ASVspoof5_partitions/audio_data/bonafide/E_0003451380.flac,watermarked_audios/audioseal/bonafide/E_0003451380_watermarked.flac,0.4016646146774292,0.27297404408454895
audioseal,bonafide,E_0002863972,datasets/ASVspoof5_partitions/audio_data/bonafide/E_0002863972.flac,watermarked_audios/audioseal/bonafide/E_0002863972_watermarked.flac,0.3104594945907593,0.23321038484573364
audioseal,bonafide,E_0006307163,datasets/ASVspoof5_partitions/audio_data/bonafide/E_0006307163.flac,watermarked_audios/audioseal/bonafide/E_0006307163_watermarked.flac,0.33685746788978577,0.21515221893787384
audioseal,bonafide,E_0001521738,datasets/ASVspoof5_partitions/audio_data/bonafide/E_0001521738.flac,watermarked_audios/audioseal/bonafide/E_0001521738_watermarked.flac,0.33944475650787354,0.2289474457502365
audioseal,bonafide,E_0009974600,datasets/ASVspoof5_partitions/audio_data/bonafide/E_0009974600.flac,watermarked_audios/audioseal/bonafide/E_0009974600_watermarked.flac,0.3699933588504791,0.2599736750125885
audioseal,bonafide,E_0008191312,datasets/ASVspoof5_partitions/audio_data/bonafide/E_0008191312.flac,watermarked_audios/audioseal/bonafide/E_0008191312_watermarked.flac,0.3121597170829773,0.2160373479127884
audioseal,bonafide,E_0000791113,datasets/ASVspoof5_partitions/audio_data/bonafide/E_0000791113.flac,watermarked_audios/audioseal/bonafide/E_0000791113_watermarked.flac,0.42026838660240173,0.2703736424446106
audioseal,bonafide,E_0008481977,datasets/ASVspoof5_partitions/audio_data/bonafide/E_0008481977.flac,watermarked_audios/audioseal/bonafide/E_0008481977_watermarked.flac,0.3271726071834564,0.20819737017154694
audioseal,bonafide,E_0004332877,datasets/ASVspoof5_partitions/audio_data/bonafide/E_0004332877.flac,watermarked_audios/audioseal/bonafide/E_0004332877_watermarked.flac,0.3485282361507416,0.22281724214553833
audioseal,bonafide,E_0006549692,datasets/ASVspoof5_partitions/audio_data/bonafide/E_0006549692.flac,watermarked_audios/audioseal/bonafide/E_0006549692_watermarked.flac,0.3751901388168335,0.25645992159843445
audioseal,bonafide,E_0005838984,datasets/ASVspoof5_partitions/audio_data/bonafide/E_0005838984.flac,watermarked_audios/audioseal/bonafide/E_0005838984_watermarked.flac,0.4002845585346222,0.2692529857158661
audioseal,bonafide,E_0009960316,datasets/ASVspoof5_partitions/audio_data/bonafide/E_0009960316.flac,watermarked_audios/audioseal/bonafide/E_0009960316_watermarked.flac,0.3305758535861969,0.23677630722522736
audioseal,bonafide,E_0004799770,datasets/ASVspoof5_partitions/audio_data/bonafide/E_0004799770.flac,watermarked_audios/audioseal/bonafide/E_0004799770_watermarked.flac,0.40940502285957336,0.2845625877380371
audioseal,bonafide,E_0006035457,datasets/ASVspoof5_partitions/audio_data/bonafide/E_0006035457.flac,watermarked_audios/audioseal/bonafide/E_0006035457_watermarked.flac,0.39546462893486023,0.25137826800346375
audioseal,bonafide,E_0004237385,datasets/ASVspoof5_partitions/audio_data/bonafide/E_0004237385.flac,watermarked_audios/audioseal/bonafide/E_0004237385_watermarked.flac,0.2647012174129486,0.16809342801570892
audioseal,bonafide,E_0009138551,datasets/ASVspoof5_partitions/audio_data/bonafide/E_0009138551.flac,watermarked_audios/audioseal/bonafide/E_0009138551_watermarked.flac,0.4136919677257538,0.24122869968414307
audioseal,bonafide,E_0005439429,datasets/ASVspoof5_partitions/audio_data/bonafide/E_0005439429.flac,watermarked_audios/audioseal/bonafide/E_0005439429_watermarked.flac,0.3774811327457428,0.22866211831569672
audioseal,bonafide,E_0009596680,datasets/ASVspoof5_partitions/audio_data/bonafide/E_0009596680.flac,watermarked_audios/audioseal/bonafide/E_0009596680_watermarked.flac,0.3348529636859894,0.22189903259277344
audioseal,bonafide,E_0008707522,datasets/ASVspoof5_partitions/audio_data/bonafide/E_0008707522.flac,watermarked_audios/audioseal/bonafide/E_0008707522_watermarked.flac,0.469013512134552,0.30085018277168274
audioseal,bonafide,E_0002534133,datasets/ASVspoof5_partitions/audio_data/bonafide/E_0002534133.flac,watermarked_audios/audioseal/bonafide/E_0002534133_watermarked.flac,0.3523457944393158,0.23016178607940674
audioseal,bonafide,E_0005646317,datasets/ASVspoof5_partitions/audio_data/bonafide/E_0005646317.flac,watermarked_audios/audioseal/bonafide/E_0005646317_watermarked.flac,0.42356228828430176,0.2752172648906708
audioseal,bonafide,E_0006331990,datasets/ASVspoof5_partitions/audio_data/bonafide/E_0006331990.flac,watermarked_audios/audioseal/bonafide/E_0006331990_watermarked.flac,0.4281022250652313,0.25360628962516785
audioseal,bonafide,E_0000735976,datasets/ASVspoof5_partitions/audio_data/bonafide/E_0000735976.flac,watermarked_audios/audioseal/bonafide/E_0000735976_watermarked.flac,0.30696818232536316,0.20232126116752625
audioseal,bonafide,E_0005335968,datasets/ASVspoof5_partitions/audio_data/bonafide/E_0005335968.flac,watermarked_audios/audioseal/bonafide/E_0005335968_watermarked.flac,0.39567968249320984,0.26711156964302063
audioseal,bonafide,E_0007815696,datasets/ASVspoof5_partitions/audio_data/bonafide/E_0007815696.flac,watermarked_audios/audioseal/bonafide/E_0007815696_watermarked.flac,0.5101689696311951,0.3374304175376892
audioseal,bonafide,E_0007501909,datasets/ASVspoof5_partitions/audio_data/bonafide/E_0007501909.flac,watermarked_audios/audioseal/bonafide/E_0007501909_watermarked.flac,0.3147236406803131,0.2128807008266449
audioseal,bonafide,E_0004687768,datasets/ASVspoof5_partitions/audio_data/bonafide/E_0004687768.flac,watermarked_audios/audioseal/bonafide/E_0004687768_watermarked.flac,0.544335663318634,0.3487474024295807
audioseal,bonafide,E_0007707528,datasets/ASVspoof5_partitions/audio_data/bonafide/E_0007707528.flac,watermarked_audios/audioseal/bonafide/E_0007707528_watermarked.flac,0.40360569953918457,0.24193017184734344
audioseal,bonafide,E_0003669179,datasets/ASVspoof5_partitions/audio_data/bonafide/E_0003669179.flac,watermarked_audios/audioseal/bonafide/E_0003669179_watermarked.flac,0.3295791447162628,0.23171421885490417
audioseal,bonafide,E_0002859244,datasets/ASVspoof5_partitions/audio_data/bonafide/E_0002859244.flac,watermarked_audios/audioseal/bonafide/E_0002859244_watermarked.flac,0.3510025143623352,0.22886937856674194
audioseal,bonafide,E_0008512319,datasets/ASVspoof5_partitions/audio_data/bonafide/E_0008512319.flac,watermarked_audios/audioseal/bonafide/E_0008512319_watermarked.flac,0.36755064129829407,0.281938761472702
audioseal,bonafide,E_0003800280,datasets/ASVspoof5_partitions/audio_data/bonafide/E_0003800280.flac,watermarked_audios/audioseal/bonafide/E_0003800280_watermarked.flac,0.36589333415031433,0.21195684373378754
audioseal,bonafide,E_0005904455,datasets/ASVspoof5_partitions/audio_data/bonafide/E_0005904455.flac,watermarked_audios/audioseal/bonafide/E_0005904455_watermarked.flac,0.3335549533367157,0.24425092339515686
audioseal,bonafide,E_0000277012,datasets/ASVspoof5_partitions/audio_data/bonafide/E_0000277012.flac,watermarked_audios/audioseal/bonafide/E_0000277012_watermarked.flac,0.3096836805343628,0.21850667893886566
audioseal,bonafide,E_0005532275,datasets/ASVspoof5_partitions/audio_data/bonafide/E_0005532275.flac,watermarked_audios/audioseal/bonafide/E_0005532275_watermarked.flac,0.3462403118610382,0.25376057624816895
audioseal,bonafide,E_0007345676,datasets/ASVspoof5_partitions/audio_data/bonafide/E_0007345676.flac,watermarked_audios/audioseal/bonafide/E_0007345676_watermarked.flac,0.5184499621391296,0.34170395135879517
audioseal,bonafide,E_0003093582,datasets/ASVspoof5_partitions/audio_data/bonafide/E_0003093582.flac,watermarked_audios/audioseal/bonafide/E_0003093582_watermarked.flac,0.46085867285728455,0.2863159775733948
audioseal,bonafide,E_0007401217,datasets/ASVspoof5_partitions/audio_data/bonafide/E_0007401217.flac,watermarked_audios/audioseal/bonafide/E_0007401217_watermarked.flac,0.38304492831230164,0.27229002118110657
audioseal,bonafide,E_0008715769,datasets/ASVspoof5_partitions/audio_data/bonafide/E_0008715769.flac,watermarked_audios/audioseal/bonafide/E_0008715769_watermarked.flac,0.3915061056613922,0.2760852575302124
audioseal,bonafide,E_0008544902,datasets/ASVspoof5_partitions/audio_data/bonafide/E_0008544902.flac,watermarked_audios/audioseal/bonafide/E_0008544902_watermarked.flac,0.29416123032569885,0.19554711878299713
audioseal,bonafide,E_0001436097,datasets/ASVspoof5_partitions/audio_data/bonafide/E_0001436097.flac,watermarked_audios/audioseal/bonafide/E_0001436097_watermarked.flac,0.42032840847969055,0.2876109480857849
audioseal,bonafide,E_0007476941,datasets/ASVspoof5_partitions/audio_data/bonafide/E_0007476941.flac,watermarked_audios/audioseal/bonafide/E_0007476941_watermarked.flac,0.3787091076374054,0.26621320843696594
audioseal,bonafide,E_0006967861,datasets/ASVspoof5_partitions/audio_data/bonafide/E_0006967861.flac,watermarked_audios/audioseal/bonafide/E_0006967861_watermarked.flac,0.2305622696876526,0.16223283112049103
audioseal,bonafide,E_0006568546,datasets/ASVspoof5_partitions/audio_data/bonafide/E_0006568546.flac,watermarked_audios/audioseal/bonafide/E_0006568546_watermarked.flac,0.40505021810531616,0.261096715927124
audioseal,bonafide,E_0004539933,datasets/ASVspoof5_partitions/audio_data/bonafide/E_0004539933.flac,watermarked_audios/audioseal/bonafide/E_0004539933_watermarked.flac,0.41322317719459534,0.27802857756614685
audioseal,bonafide,E_0006633663,datasets/ASVspoof5_partitions/audio_data/bonafide/E_0006633663.flac,watermarked_audios/audioseal/bonafide/E_0006633663_watermarked.flac,0.3503513038158417,0.21972455084323883
audioseal,bonafide,E_0009568160,datasets/ASVspoof5_partitions/audio_data/bonafide/E_0009568160.flac,watermarked_audios/audioseal/bonafide/E_0009568160_watermarked.flac,0.39928069710731506,0.25504055619239807
audioseal,bonafide,E_0008572179,datasets/ASVspoof5_partitions/audio_data/bonafide/E_0008572179.flac,watermarked_audios/audioseal/bonafide/E_0008572179_watermarked.flac,0.3116101622581482,0.22957035899162292
audioseal,bonafide,E_0000891828,datasets/ASVspoof5_partitions/audio_data/bonafide/E_0000891828.flac,watermarked_audios/audioseal/bonafide/E_0000891828_watermarked.flac,0.48329389095306396,0.32572072744369507
audioseal,bonafide,E_0001292524,datasets/ASVspoof5_partitions/audio_data/bonafide/E_0001292524.flac,watermarked_audios/audioseal/bonafide/E_0001292524_watermarked.flac,0.46286582946777344,0.27809128165245056
audioseal,bonafide,E_0006486824,datasets/ASVspoof5_partitions/audio_data/bonafide/E_0006486824.flac,watermarked_audios/audioseal/bonafide/E_0006486824_watermarked.flac,0.32403308153152466,0.22110116481781006
audioseal,bonafide,E_0002915842,datasets/ASVspoof5_partitions/audio_data/bonafide/E_0002915842.flac,watermarked_audios/audioseal/bonafide/E_0002915842_watermarked.flac,0.3659183084964752,0.2338879555463791
audioseal,bonafide,E_0007124632,datasets/ASVspoof5_partitions/audio_data/bonafide/E_0007124632.flac,watermarked_audios/audioseal/bonafide/E_0007124632_watermarked.flac,0.34362906217575073,0.24713122844696045
audioseal,bonafide,E_0003899938,datasets/ASVspoof5_partitions/audio_data/bonafide/E_0003899938.flac,watermarked_audios/audioseal/bonafide/E_0003899938_watermarked.flac,0.5559371709823608,0.3279448449611664
audioseal,bonafide,E_0002912954,datasets/ASVspoof5_partitions/audio_data/bonafide/E_0002912954.flac,watermarked_audios/audioseal/bonafide/E_0002912954_watermarked.flac,0.3571561574935913,0.2164580076932907
audioseal,bonafide,E_0006252764,datasets/ASVspoof5_partitions/audio_data/bonafide/E_0006252764.flac,watermarked_audios/audioseal/bonafide/E_0006252764_watermarked.flac,0.33878567814826965,0.24397361278533936
audioseal,bonafide,E_0002144931,datasets/ASVspoof5_partitions/audio_data/bonafide/E_0002144931.flac,watermarked_audios/audioseal/bonafide/E_0002144931_watermarked.flac,0.3788587152957916,0.23628228902816772
audioseal,bonafide,E_0006383524,datasets/ASVspoof5_partitions/audio_data/bonafide/E_0006383524.flac,watermarked_audios/audioseal/bonafide/E_0006383524_watermarked.flac,0.33514726161956787,0.22938314080238342
audioseal,bonafide,E_0006117356,datasets/ASVspoof5_partitions/audio_data/bonafide/E_0006117356.flac,watermarked_audios/audioseal/bonafide/E_0006117356_watermarked.flac,0.3641425669193268,0.243667870759964
audioseal,bonafide,E_0007778192,datasets/ASVspoof5_partitions/audio_data/bonafide/E_0007778192.flac,watermarked_audios/audioseal/bonafide/E_0007778192_watermarked.flac,0.3925001919269562,0.2667134702205658
audioseal,bonafide,E_0004467207,datasets/ASVspoof5_partitions/audio_data/bonafide/E_0004467207.flac,watermarked_audios/audioseal/bonafide/E_0004467207_watermarked.flac,0.5087486505508423,0.31869205832481384
audioseal,bonafide,E_0007482419,datasets/ASVspoof5_partitions/audio_data/bonafide/E_0007482419.flac,watermarked_audios/audioseal/bonafide/E_0007482419_watermarked.flac,0.42555445432662964,0.27323174476623535
audioseal,bonafide,E_0002243055,datasets/ASVspoof5_partitions/audio_data/bonafide/E_0002243055.flac,watermarked_audios/audioseal/bonafide/E_0002243055_watermarked.flac,0.44923296570777893,0.30290713906288147
audioseal,bonafide,E_0009409434,datasets/ASVspoof5_partitions/audio_data/bonafide/E_0009409434.flac,watermarked_audios/audioseal/bonafide/E_0009409434_watermarked.flac,0.32301270961761475,0.22622601687908173
audioseal,bonafide,E_0003814591,datasets/ASVspoof5_partitions/audio_data/bonafide/E_0003814591.flac,watermarked_audios/audioseal/bonafide/E_0003814591_watermarked.flac,0.397707998752594,0.26495930552482605
audioseal,bonafide,E_0002018664,datasets/ASVspoof5_partitions/audio_data/bonafide/E_0002018664.flac,watermarked_audios/audioseal/bonafide/E_0002018664_watermarked.flac,0.484815776348114,0.29615262150764465
audioseal,bonafide,E_0008530594,datasets/ASVspoof5_partitions/audio_data/bonafide/E_0008530594.flac,watermarked_audios/audioseal/bonafide/E_0008530594_watermarked.flac,0.41324785351753235,0.2665867209434509
audioseal,bonafide,E_0007123817,datasets/ASVspoof5_partitions/audio_data/bonafide/E_0007123817.flac,watermarked_audios/audioseal/bonafide/E_0007123817_watermarked.flac,0.47238990664482117,0.262926310300827
audioseal,bonafide,E_0003937243,datasets/ASVspoof5_partitions/audio_data/bonafide/E_0003937243.flac,watermarked_audios/audioseal/bonafide/E_0003937243_watermarked.flac,0.4162914752960205,0.25004762411117554
audioseal,bonafide,E_0005639152,datasets/ASVspoof5_partitions/audio_data/bonafide/E_0005639152.flac,watermarked_audios/audioseal/bonafide/E_0005639152_watermarked.flac,0.5256484746932983,0.3294092118740082
audioseal,bonafide,E_0001316732,datasets/ASVspoof5_partitions/audio_data/bonafide/E_0001316732.flac,watermarked_audios/audioseal/bonafide/E_0001316732_watermarked.flac,0.4044235050678253,0.24916377663612366
audioseal,bonafide,E_0003705828,datasets/ASVspoof5_partitions/audio_data/bonafide/E_0003705828.flac,watermarked_audios/audioseal/bonafide/E_0003705828_watermarked.flac,0.4126128554344177,0.2568381130695343
audioseal,bonafide,E_0009811203,datasets/ASVspoof5_partitions/audio_data/bonafide/E_0009811203.flac,watermarked_audios/audioseal/bonafide/E_0009811203_watermarked.flac,0.34605953097343445,0.23259417712688446
audioseal,bonafide,E_0003864715,datasets/ASVspoof5_partitions/audio_data/bonafide/E_0003864715.flac,watermarked_audios/audioseal/bonafide/E_0003864715_watermarked.flac,0.3244860768318176,0.2126546949148178
audioseal,bonafide,E_0007665319,datasets/ASVspoof5_partitions/audio_data/bonafide/E_0007665319.flac,watermarked_audios/audioseal/bonafide/E_0007665319_watermarked.flac,0.33144012093544006,0.2086578905582428
audioseal,bonafide,E_0006801696,datasets/ASVspoof5_partitions/audio_data/bonafide/E_0006801696.flac,watermarked_audios/audioseal/bonafide/E_0006801696_watermarked.flac,0.34685635566711426,0.232663094997406
audioseal,bonafide,E_0000684645,datasets/ASVspoof5_partitions/audio_data/bonafide/E_0000684645.flac,watermarked_audios/audioseal/bonafide/E_0000684645_watermarked.flac,0.3230886161327362,0.20852220058441162
audioseal,bonafide,E_0003245853,datasets/ASVspoof5_partitions/audio_data/bonafide/E_0003245853.flac,watermarked_audios/audioseal/bonafide/E_0003245853_watermarked.flac,0.38953912258148193,0.2826213538646698
audioseal,bonafide,E_0004837668,datasets/ASVspoof5_partitions/audio_data/bonafide/E_0004837668.flac,watermarked_audios/audioseal/bonafide/E_0004837668_watermarked.flac,0.286698579788208,0.1931711882352829
audioseal,bonafide,E_0004912869,datasets/ASVspoof5_partitions/audio_data/bonafide/E_0004912869.flac,watermarked_audios/audioseal/bonafide/E_0004912869_watermarked.flac,0.35157132148742676,0.23491157591342926
audioseal,bonafide,E_0002276859,datasets/ASVspoof5_partitions/audio_data/bonafide/E_0002276859.flac,watermarked_audios/audioseal/bonafide/E_0002276859_watermarked.flac,0.341834157705307,0.21515139937400818
audioseal,bonafide,E_0007728797,datasets/ASVspoof5_partitions/audio_data/bonafide/E_0007728797.flac,watermarked_audios/audioseal/bonafide/E_0007728797_watermarked.flac,0.33995237946510315,0.21650901436805725
audioseal,bonafide,E_0007849280,datasets/ASVspoof5_partitions/audio_data/bonafide/E_0007849280.flac,watermarked_audios/audioseal/bonafide/E_0007849280_watermarked.flac,0.31166893243789673,0.21877415478229523
audioseal,bonafide,E_0000430642,datasets/ASVspoof5_partitions/audio_data/bonafide/E_0000430642.flac,watermarked_audios/audioseal/bonafide/E_0000430642_watermarked.flac,0.2958492338657379,0.1923529952764511
audioseal,bonafide,E_0006839596,datasets/ASVspoof5_partitions/audio_data/bonafide/E_0006839596.flac,watermarked_audios/audioseal/bonafide/E_0006839596_watermarked.flac,0.36110010743141174,0.24205757677555084
audioseal,bonafide,E_0000627064,datasets/ASVspoof5_partitions/audio_data/bonafide/E_0000627064.flac,watermarked_audios/audioseal/bonafide/E_0000627064_watermarked.flac,0.40422555804252625,0.2695998549461365
audioseal,bonafide,E_0000957163,datasets/ASVspoof5_partitions/audio_data/bonafide/E_0000957163.flac,watermarked_audios/audioseal/bonafide/E_0000957163_watermarked.flac,0.3264218270778656,0.23086978495121002
audioseal,bonafide,E_0007905120,datasets/ASVspoof5_partitions/audio_data/bonafide/E_0007905120.flac,watermarked_audios/audioseal/bonafide/E_0007905120_watermarked.flac,0.4103460907936096,0.27571216225624084
audioseal,bonafide,E_0007639374,datasets/ASVspoof5_partitions/audio_data/bonafide/E_0007639374.flac,watermarked_audios/audioseal/bonafide/E_0007639374_watermarked.flac,0.3644009232521057,0.23465754091739655
audioseal,bonafide,E_0006493105,datasets/ASVspoof5_partitions/audio_data/bonafide/E_0006493105.flac,watermarked_audios/audioseal/bonafide/E_0006493105_watermarked.flac,0.3203476369380951,0.20593959093093872
audioseal,bonafide,E_0001269259,datasets/ASVspoof5_partitions/audio_data/bonafide/E_0001269259.flac,watermarked_audios/audioseal/bonafide/E_0001269259_watermarked.flac,0.28946641087532043,0.20863620936870575
audioseal,bonafide,E_0005506690,datasets/ASVspoof5_partitions/audio_data/bonafide/E_0005506690.flac,watermarked_audios/audioseal/bonafide/E_0005506690_watermarked.flac,0.317802369594574,0.20550894737243652
audioseal,bonafide,E_0009189716,datasets/ASVspoof5_partitions/audio_data/bonafide/E_0009189716.flac,watermarked_audios/audioseal/bonafide/E_0009189716_watermarked.flac,0.4407620429992676,0.296220600605011
audioseal,bonafide,E_0003114464,datasets/ASVspoof5_partitions/audio_data/bonafide/E_0003114464.flac,watermarked_audios/audioseal/bonafide/E_0003114464_watermarked.flac,0.29973524808883667,0.21664275228977203
audioseal,bonafide,E_0001920630,datasets/ASVspoof5_partitions/audio_data/bonafide/E_0001920630.flac,watermarked_audios/audioseal/bonafide/E_0001920630_watermarked.flac,0.36634087562561035,0.2598261535167694
audioseal,bonafide,E_0001443220,datasets/ASVspoof5_partitions/audio_data/bonafide/E_0001443220.flac,watermarked_audios/audioseal/bonafide/E_0001443220_watermarked.flac,0.4504529535770416,0.2784687578678131
audioseal,bonafide,E_0004040465,datasets/ASVspoof5_partitions/audio_data/bonafide/E_0004040465.flac,watermarked_audios/audioseal/bonafide/E_0004040465_watermarked.flac,0.33008089661598206,0.2331782579421997
audioseal,bonafide,E_0007728666,datasets/ASVspoof5_partitions/audio_data/bonafide/E_0007728666.flac,watermarked_audios/audioseal/bonafide/E_0007728666_watermarked.flac,0.31759873032569885,0.21834830939769745
audioseal,bonafide,E_0008626619,datasets/ASVspoof5_partitions/audio_data/bonafide/E_0008626619.flac,watermarked_audios/audioseal/bonafide/E_0008626619_watermarked.flac,0.3687998652458191,0.24115969240665436
audioseal,bonafide,E_0006199198,datasets/ASVspoof5_partitions/audio_data/bonafide/E_0006199198.flac,watermarked_audios/audioseal/bonafide/E_0006199198_watermarked.flac,0.356545090675354,0.2453540861606598
audioseal,bonafide,E_0007214881,datasets/ASVspoof5_partitions/audio_data/bonafide/E_0007214881.flac,watermarked_audios/audioseal/bonafide/E_0007214881_watermarked.flac,0.36234596371650696,0.2421814203262329
audioseal,bonafide,E_0007526735,datasets/ASVspoof5_partitions/audio_data/bonafide/E_0007526735.flac,watermarked_audios/audioseal/bonafide/E_0007526735_watermarked.flac,0.39562737941741943,0.2819610834121704
audioseal,bonafide,E_0004199501,datasets/ASVspoof5_partitions/audio_data/bonafide/E_0004199501.flac,watermarked_audios/audioseal/bonafide/E_0004199501_watermarked.flac,0.32081541419029236,0.20317226648330688
audioseal,bonafide,E_0000257343,datasets/ASVspoof5_partitions/audio_data/bonafide/E_0000257343.flac,watermarked_audios/audioseal/bonafide/E_0000257343_watermarked.flac,0.3164443075656891,0.21779543161392212
audioseal,bonafide,E_0003175356,datasets/ASVspoof5_partitions/audio_data/bonafide/E_0003175356.flac,watermarked_audios/audioseal/bonafide/E_0003175356_watermarked.flac,0.35458314418792725,0.22541148960590363
audioseal,bonafide,E_0000657716,datasets/ASVspoof5_partitions/audio_data/bonafide/E_0000657716.flac,watermarked_audios/audioseal/bonafide/E_0000657716_watermarked.flac,0.33697202801704407,0.22682160139083862
audioseal,bonafide,E_0004036220,datasets/ASVspoof5_partitions/audio_data/bonafide/E_0004036220.flac,watermarked_audios/audioseal/bonafide/E_0004036220_watermarked.flac,0.45924943685531616,0.25355610251426697
audioseal,bonafide,E_0006971268,datasets/ASVspoof5_partitions/audio_data/bonafide/E_0006971268.flac,watermarked_audios/audioseal/bonafide/E_0006971268_watermarked.flac,0.5305073857307434,0.2862612009048462
audioseal,bonafide,E_0007753686,datasets/ASVspoof5_partitions/audio_data/bonafide/E_0007753686.flac,watermarked_audios/audioseal/bonafide/E_0007753686_watermarked.flac,0.4823969006538391,0.2738817632198334
audioseal,bonafide,E_0002725754,datasets/ASVspoof5_partitions/audio_data/bonafide/E_0002725754.flac,watermarked_audios/audioseal/bonafide/E_0002725754_watermarked.flac,0.2434030920267105,0.1688946634531021
audioseal,bonafide,E_0008864076,datasets/ASVspoof5_partitions/audio_data/bonafide/E_0008864076.flac,watermarked_audios/audioseal/bonafide/E_0008864076_watermarked.flac,0.5431671738624573,0.3079465627670288
audioseal,bonafide,E_0000078124,datasets/ASVspoof5_partitions/audio_data/bonafide/E_0000078124.flac,watermarked_audios/audioseal/bonafide/E_0000078124_watermarked.flac,0.3179726302623749,0.22492046654224396
audioseal,bonafide,E_0000421660,datasets/ASVspoof5_partitions/audio_data/bonafide/E_0000421660.flac,watermarked_audios/audioseal/bonafide/E_0000421660_watermarked.flac,0.35268712043762207,0.23280490934848785
audioseal,bonafide,E_0001595909,datasets/ASVspoof5_partitions/audio_data/bonafide/E_0001595909.flac,watermarked_audios/audioseal/bonafide/E_0001595909_watermarked.flac,0.42393097281455994,0.2636631727218628
audioseal,bonafide,E_0007074049,datasets/ASVspoof5_partitions/audio_data/bonafide/E_0007074049.flac,watermarked_audios/audioseal/bonafide/E_0007074049_watermarked.flac,0.3904247283935547,0.24900291860103607
audioseal,bonafide,E_0004685199,datasets/ASVspoof5_partitions/audio_data/bonafide/E_0004685199.flac,watermarked_audios/audioseal/bonafide/E_0004685199_watermarked.flac,0.32530322670936584,0.21968762576580048
audioseal,bonafide,E_0001438350,datasets/ASVspoof5_partitions/audio_data/bonafide/E_0001438350.flac,watermarked_audios/audioseal/bonafide/E_0001438350_watermarked.flac,0.3416309356689453,0.21653972566127777
audioseal,bonafide,E_0002462619,datasets/ASVspoof5_partitions/audio_data/bonafide/E_0002462619.flac,watermarked_audios/audioseal/bonafide/E_0002462619_watermarked.flac,0.4156094789505005,0.26698386669158936
audioseal,bonafide,E_0009026444,datasets/ASVspoof5_partitions/audio_data/bonafide/E_0009026444.flac,watermarked_audios/audioseal/bonafide/E_0009026444_watermarked.flac,0.342801570892334,0.23342932760715485
audioseal,bonafide,E_0003238793,datasets/ASVspoof5_partitions/audio_data/bonafide/E_0003238793.flac,watermarked_audios/audioseal/bonafide/E_0003238793_watermarked.flac,0.39438390731811523,0.2501378357410431
audioseal,bonafide,E_0006009442,datasets/ASVspoof5_partitions/audio_data/bonafide/E_0006009442.flac,watermarked_audios/audioseal/bonafide/E_0006009442_watermarked.flac,0.3613910973072052,0.27462509274482727
audioseal,bonafide,E_0003446314,datasets/ASVspoof5_partitions/audio_data/bonafide/E_0003446314.flac,watermarked_audios/audioseal/bonafide/E_0003446314_watermarked.flac,0.5031198859214783,0.29376113414764404
audioseal,bonafide,E_0003410016,datasets/ASVspoof5_partitions/audio_data/bonafide/E_0003410016.flac,watermarked_audios/audioseal/bonafide/E_0003410016_watermarked.flac,0.38726189732551575,0.3465251326560974
audioseal,bonafide,E_0006322730,datasets/ASVspoof5_partitions/audio_data/bonafide/E_0006322730.flac,watermarked_audios/audioseal/bonafide/E_0006322730_watermarked.flac,0.48830360174179077,0.3262350261211395
audioseal,bonafide,E_0008529666,datasets/ASVspoof5_partitions/audio_data/bonafide/E_0008529666.flac,watermarked_audios/audioseal/bonafide/E_0008529666_watermarked.flac,0.39451828598976135,0.2660549581050873
audioseal,bonafide,E_0000439319,datasets/ASVspoof5_partitions/audio_data/bonafide/E_0000439319.flac,watermarked_audios/audioseal/bonafide/E_0000439319_watermarked.flac,0.38020169734954834,0.23385213315486908
audioseal,bonafide,E_0003340971,datasets/ASVspoof5_partitions/audio_data/bonafide/E_0003340971.flac,watermarked_audios/audioseal/bonafide/E_0003340971_watermarked.flac,0.37299293279647827,0.2519173324108124
audioseal,bonafide,E_0006306557,datasets/ASVspoof5_partitions/audio_data/bonafide/E_0006306557.flac,watermarked_audios/audioseal/bonafide/E_0006306557_watermarked.flac,0.4214574992656708,0.2614046633243561
audioseal,bonafide,E_0009364750,datasets/ASVspoof5_partitions/audio_data/bonafide/E_0009364750.flac,watermarked_audios/audioseal/bonafide/E_0009364750_watermarked.flac,0.3769836127758026,0.24905528128147125
audioseal,bonafide,E_0003617108,datasets/ASVspoof5_partitions/audio_data/bonafide/E_0003617108.flac,watermarked_audios/audioseal/bonafide/E_0003617108_watermarked.flac,0.2903323471546173,0.19474467635154724
audioseal,bonafide,E_0003062603,datasets/ASVspoof5_partitions/audio_data/bonafide/E_0003062603.flac,watermarked_audios/audioseal/bonafide/E_0003062603_watermarked.flac,0.35164377093315125,0.26084011793136597
audioseal,bonafide,E_0003264376,datasets/ASVspoof5_partitions/audio_data/bonafide/E_0003264376.flac,watermarked_audios/audioseal/bonafide/E_0003264376_watermarked.flac,0.523576557636261,0.33335837721824646
audioseal,bonafide,E_0005951172,datasets/ASVspoof5_partitions/audio_data/bonafide/E_0005951172.flac,watermarked_audios/audioseal/bonafide/E_0005951172_watermarked.flac,0.36061644554138184,0.24497130513191223
audioseal,bonafide,E_0006380916,datasets/ASVspoof5_partitions/audio_data/bonafide/E_0006380916.flac,watermarked_audios/audioseal/bonafide/E_0006380916_watermarked.flac,0.4077500104904175,0.24927251040935516
audioseal,bonafide,E_0001436568,datasets/ASVspoof5_partitions/audio_data/bonafide/E_0001436568.flac,watermarked_audios/audioseal/bonafide/E_0001436568_watermarked.flac,0.3927052319049835,0.2624683678150177
audioseal,bonafide,E_0009738554,datasets/ASVspoof5_partitions/audio_data/bonafide/E_0009738554.flac,watermarked_audios/audioseal/bonafide/E_0009738554_watermarked.flac,0.33703288435935974,0.21914042532444
audioseal,bonafide,E_0002141439,datasets/ASVspoof5_partitions/audio_data/bonafide/E_0002141439.flac,watermarked_audios/audioseal/bonafide/E_0002141439_watermarked.flac,0.34312304854393005,0.24633581936359406
audioseal,bonafide,E_0001585210,datasets/ASVspoof5_partitions/audio_data/bonafide/E_0001585210.flac,watermarked_audios/audioseal/bonafide/E_0001585210_watermarked.flac,0.40586796402931213,0.24972204864025116
audioseal,bonafide,E_0009692775,datasets/ASVspoof5_partitions/audio_data/bonafide/E_0009692775.flac,watermarked_audios/audioseal/bonafide/E_0009692775_watermarked.flac,0.35610952973365784,0.23308241367340088
audioseal,bonafide,E_0009497569,datasets/ASVspoof5_partitions/audio_data/bonafide/E_0009497569.flac,watermarked_audios/audioseal/bonafide/E_0009497569_watermarked.flac,0.5971100926399231,0.31500688195228577
audioseal,bonafide,E_0007164263,datasets/ASVspoof5_partitions/audio_data/bonafide/E_0007164263.flac,watermarked_audios/audioseal/bonafide/E_0007164263_watermarked.flac,0.283277302980423,0.19482067227363586
audioseal,bonafide,E_0004383331,datasets/ASVspoof5_partitions/audio_data/bonafide/E_0004383331.flac,watermarked_audios/audioseal/bonafide/E_0004383331_watermarked.flac,0.5083264112472534,0.3276178538799286
audioseal,bonafide,E_0008638873,datasets/ASVspoof5_partitions/audio_data/bonafide/E_0008638873.flac,watermarked_audios/audioseal/bonafide/E_0008638873_watermarked.flac,0.5006912350654602,0.31363892555236816
audioseal,bonafide,E_0007632384,datasets/ASVspoof5_partitions/audio_data/bonafide/E_0007632384.flac,watermarked_audios/audioseal/bonafide/E_0007632384_watermarked.flac,0.33310720324516296,0.22549495100975037
audioseal,bonafide,E_0004130722,datasets/ASVspoof5_partitions/audio_data/bonafide/E_0004130722.flac,watermarked_audios/audioseal/bonafide/E_0004130722_watermarked.flac,0.3571696877479553,0.24725204706192017
audioseal,bonafide,E_0000704813,datasets/ASVspoof5_partitions/audio_data/bonafide/E_0000704813.flac,watermarked_audios/audioseal/bonafide/E_0000704813_watermarked.flac,0.32539647817611694,0.23328836262226105
audioseal,bonafide,E_0004427089,datasets/ASVspoof5_partitions/audio_data/bonafide/E_0004427089.flac,watermarked_audios/audioseal/bonafide/E_0004427089_watermarked.flac,0.3945004642009735,0.27675268054008484
audioseal,bonafide,E_0003374849,datasets/ASVspoof5_partitions/audio_data/bonafide/E_0003374849.flac,watermarked_audios/audioseal/bonafide/E_0003374849_watermarked.flac,0.42413097620010376,0.2840859293937683
audioseal,bonafide,E_0002480871,datasets/ASVspoof5_partitions/audio_data/bonafide/E_0002480871.flac,watermarked_audios/audioseal/bonafide/E_0002480871_watermarked.flac,0.34032657742500305,0.23642581701278687
audioseal,bonafide,E_0007701030,datasets/ASVspoof5_partitions/audio_data/bonafide/E_0007701030.flac,watermarked_audios/audioseal/bonafide/E_0007701030_watermarked.flac,0.29579877853393555,0.20438805222511292
audioseal,bonafide,E_0009031512,datasets/ASVspoof5_partitions/audio_data/bonafide/E_0009031512.flac,watermarked_audios/audioseal/bonafide/E_0009031512_watermarked.flac,0.3304708003997803,0.22466649115085602
audioseal,bonafide,E_0000709671,datasets/ASVspoof5_partitions/audio_data/bonafide/E_0000709671.flac,watermarked_audios/audioseal/bonafide/E_0000709671_watermarked.flac,0.3688434362411499,0.24188446998596191
audioseal,bonafide,E_0002656973,datasets/ASVspoof5_partitions/audio_data/bonafide/E_0002656973.flac,watermarked_audios/audioseal/bonafide/E_0002656973_watermarked.flac,0.3785744309425354,0.2518072724342346
audioseal,bonafide,E_0004291424,datasets/ASVspoof5_partitions/audio_data/bonafide/E_0004291424.flac,watermarked_audios/audioseal/bonafide/E_0004291424_watermarked.flac,0.35966965556144714,0.24727477133274078
audioseal,bonafide,E_0002303766,datasets/ASVspoof5_partitions/audio_data/bonafide/E_0002303766.flac,watermarked_audios/audioseal/bonafide/E_0002303766_watermarked.flac,0.6154986023902893,0.2914685010910034
audioseal,bonafide,E_0002000261,datasets/ASVspoof5_partitions/audio_data/bonafide/E_0002000261.flac,watermarked_audios/audioseal/bonafide/E_0002000261_watermarked.flac,0.3099728226661682,0.21420074999332428
audioseal,bonafide,E_0000351484,datasets/ASVspoof5_partitions/audio_data/bonafide/E_0000351484.flac,watermarked_audios/audioseal/bonafide/E_0000351484_watermarked.flac,0.3094584345817566,0.22513529658317566
audioseal,bonafide,E_0004660757,datasets/ASVspoof5_partitions/audio_data/bonafide/E_0004660757.flac,watermarked_audios/audioseal/bonafide/E_0004660757_watermarked.flac,0.4142650067806244,0.2875764071941376
audioseal,bonafide,E_0003918928,datasets/ASVspoof5_partitions/audio_data/bonafide/E_0003918928.flac,watermarked_audios/audioseal/bonafide/E_0003918928_watermarked.flac,0.29963189363479614,0.22522421181201935
audioseal,bonafide,E_0006343730,datasets/ASVspoof5_partitions/audio_data/bonafide/E_0006343730.flac,watermarked_audios/audioseal/bonafide/E_0006343730_watermarked.flac,0.3204297125339508,0.20931513607501984
audioseal,bonafide,E_0001291814,datasets/ASVspoof5_partitions/audio_data/bonafide/E_0001291814.flac,watermarked_audios/audioseal/bonafide/E_0001291814_watermarked.flac,0.32033777236938477,0.20206966996192932
audioseal,bonafide,E_0009371779,datasets/ASVspoof5_partitions/audio_data/bonafide/E_0009371779.flac,watermarked_audios/audioseal/bonafide/E_0009371779_watermarked.flac,0.3176198899745941,0.2179253101348877
audioseal,bonafide,E_0009356735,datasets/ASVspoof5_partitions/audio_data/bonafide/E_0009356735.flac,watermarked_audios/audioseal/bonafide/E_0009356735_watermarked.flac,0.3876708745956421,0.2527337074279785
audioseal,bonafide,E_0008555812,datasets/ASVspoof5_partitions/audio_data/bonafide/E_0008555812.flac,watermarked_audios/audioseal/bonafide/E_0008555812_watermarked.flac,0.3959989845752716,0.24655520915985107
audioseal,bonafide,E_0005226072,datasets/ASVspoof5_partitions/audio_data/bonafide/E_0005226072.flac,watermarked_audios/audioseal/bonafide/E_0005226072_watermarked.flac,0.31326109170913696,0.18751125037670135
audioseal,bonafide,E_0004926975,datasets/ASVspoof5_partitions/audio_data/bonafide/E_0004926975.flac,watermarked_audios/audioseal/bonafide/E_0004926975_watermarked.flac,0.4364567697048187,0.2763138711452484
audioseal,bonafide,E_0002283723,datasets/ASVspoof5_partitions/audio_data/bonafide/E_0002283723.flac,watermarked_audios/audioseal/bonafide/E_0002283723_watermarked.flac,0.48421865701675415,0.31041717529296875
audioseal,bonafide,E_0008793269,datasets/ASVspoof5_partitions/audio_data/bonafide/E_0008793269.flac,watermarked_audios/audioseal/bonafide/E_0008793269_watermarked.flac,0.3996160626411438,0.23213878273963928
audioseal,bonafide,E_0006680030,datasets/ASVspoof5_partitions/audio_data/bonafide/E_0006680030.flac,watermarked_audios/audioseal/bonafide/E_0006680030_watermarked.flac,0.32528945803642273,0.22647309303283691
audioseal,bonafide,E_0009701254,datasets/ASVspoof5_partitions/audio_data/bonafide/E_0009701254.flac,watermarked_audios/audioseal/bonafide/E_0009701254_watermarked.flac,0.35477277636528015,0.22973160445690155
audioseal,bonafide,E_0005414533,datasets/ASVspoof5_partitions/audio_data/bonafide/E_0005414533.flac,watermarked_audios/audioseal/bonafide/E_0005414533_watermarked.flac,0.3430522680282593,0.1801084727048874
audioseal,bonafide,E_0000068801,datasets/ASVspoof5_partitions/audio_data/bonafide/E_0000068801.flac,watermarked_audios/audioseal/bonafide/E_0000068801_watermarked.flac,0.30917152762413025,0.2118254005908966
audioseal,bonafide,E_0004813037,datasets/ASVspoof5_partitions/audio_data/bonafide/E_0004813037.flac,watermarked_audios/audioseal/bonafide/E_0004813037_watermarked.flac,0.34387776255607605,0.2379630208015442
audioseal,bonafide,E_0005337995,datasets/ASVspoof5_partitions/audio_data/bonafide/E_0005337995.flac,watermarked_audios/audioseal/bonafide/E_0005337995_watermarked.flac,0.35724395513534546,0.24996042251586914
audioseal,bonafide,E_0006569211,datasets/ASVspoof5_partitions/audio_data/bonafide/E_0006569211.flac,watermarked_audios/audioseal/bonafide/E_0006569211_watermarked.flac,0.4222356081008911,0.2959742844104767
audioseal,bonafide,E_0006656507,datasets/ASVspoof5_partitions/audio_data/bonafide/E_0006656507.flac,watermarked_audios/audioseal/bonafide/E_0006656507_watermarked.flac,0.313455730676651,0.21342813968658447
audioseal,bonafide,E_0003858828,datasets/ASVspoof5_partitions/audio_data/bonafide/E_0003858828.flac,watermarked_audios/audioseal/bonafide/E_0003858828_watermarked.flac,0.35800865292549133,0.23077459633350372
audioseal,bonafide,E_0006051703,datasets/ASVspoof5_partitions/audio_data/bonafide/E_0006051703.flac,watermarked_audios/audioseal/bonafide/E_0006051703_watermarked.flac,0.5202280879020691,0.3193614184856415
audioseal,bonafide,E_0003614368,datasets/ASVspoof5_partitions/audio_data/bonafide/E_0003614368.flac,watermarked_audios/audioseal/bonafide/E_0003614368_watermarked.flac,0.3423669934272766,0.2387354075908661
audioseal,bonafide,E_0002886025,datasets/ASVspoof5_partitions/audio_data/bonafide/E_0002886025.flac,watermarked_audios/audioseal/bonafide/E_0002886025_watermarked.flac,0.3461371660232544,0.22161652147769928
audioseal,bonafide,E_0005411438,datasets/ASVspoof5_partitions/audio_data/bonafide/E_0005411438.flac,watermarked_audios/audioseal/bonafide/E_0005411438_watermarked.flac,0.3475348651409149,0.2350529134273529
audioseal,bonafide,E_0007832397,datasets/ASVspoof5_partitions/audio_data/bonafide/E_0007832397.flac,watermarked_audios/audioseal/bonafide/E_0007832397_watermarked.flac,0.3597862720489502,0.2825333774089813
audioseal,bonafide,E_0005488466,datasets/ASVspoof5_partitions/audio_data/bonafide/E_0005488466.flac,watermarked_audios/audioseal/bonafide/E_0005488466_watermarked.flac,0.29358524084091187,0.22697725892066956
audioseal,bonafide,E_0005922616,datasets/ASVspoof5_partitions/audio_data/bonafide/E_0005922616.flac,watermarked_audios/audioseal/bonafide/E_0005922616_watermarked.flac,0.5915738344192505,0.2790043354034424
audioseal,bonafide,E_0002138252,datasets/ASVspoof5_partitions/audio_data/bonafide/E_0002138252.flac,watermarked_audios/audioseal/bonafide/E_0002138252_watermarked.flac,0.3872728943824768,0.23324593901634216
audioseal,bonafide,E_0009935498,datasets/ASVspoof5_partitions/audio_data/bonafide/E_0009935498.flac,watermarked_audios/audioseal/bonafide/E_0009935498_watermarked.flac,0.3436003625392914,0.25250110030174255
audioseal,bonafide,E_0003469451,datasets/ASVspoof5_partitions/audio_data/bonafide/E_0003469451.flac,watermarked_audios/audioseal/bonafide/E_0003469451_watermarked.flac,0.45762431621551514,0.26681986451148987
audioseal,bonafide,E_0003840147,datasets/ASVspoof5_partitions/audio_data/bonafide/E_0003840147.flac,watermarked_audios/audioseal/bonafide/E_0003840147_watermarked.flac,0.3185371160507202,0.20372529327869415
audioseal,bonafide,E_0000824730,datasets/ASVspoof5_partitions/audio_data/bonafide/E_0000824730.flac,watermarked_audios/audioseal/bonafide/E_0000824730_watermarked.flac,0.30432167649269104,0.2099866420030594
audioseal,bonafide,E_0008881764,datasets/ASVspoof5_partitions/audio_data/bonafide/E_0008881764.flac,watermarked_audios/audioseal/bonafide/E_0008881764_watermarked.flac,0.3262673616409302,0.22387154400348663
audioseal,bonafide,E_0004158061,datasets/ASVspoof5_partitions/audio_data/bonafide/E_0004158061.flac,watermarked_audios/audioseal/bonafide/E_0004158061_watermarked.flac,0.2914743721485138,0.18028581142425537
audioseal,bonafide,E_0005445065,datasets/ASVspoof5_partitions/audio_data/bonafide/E_0005445065.flac,watermarked_audios/audioseal/bonafide/E_0005445065_watermarked.flac,0.25220656394958496,0.17281793057918549
audioseal,bonafide,E_0007824690,datasets/ASVspoof5_partitions/audio_data/bonafide/E_0007824690.flac,watermarked_audios/audioseal/bonafide/E_0007824690_watermarked.flac,0.3554424047470093,0.213499054312706
audioseal,bonafide,E_0008565928,datasets/ASVspoof5_partitions/audio_data/bonafide/E_0008565928.flac,watermarked_audios/audioseal/bonafide/E_0008565928_watermarked.flac,0.36214596033096313,0.22911295294761658
audioseal,bonafide,E_0003655472,datasets/ASVspoof5_partitions/audio_data/bonafide/E_0003655472.flac,watermarked_audios/audioseal/bonafide/E_0003655472_watermarked.flac,0.3558943271636963,0.2522871196269989
audioseal,bonafide,E_0009240473,datasets/ASVspoof5_partitions/audio_data/bonafide/E_0009240473.flac,watermarked_audios/audioseal/bonafide/E_0009240473_watermarked.flac,0.36050793528556824,0.22560344636440277
audioseal,bonafide,E_0001060500,datasets/ASVspoof5_partitions/audio_data/bonafide/E_0001060500.flac,watermarked_audios/audioseal/bonafide/E_0001060500_watermarked.flac,0.3180174231529236,0.22860237956047058
audioseal,bonafide,E_0005936204,datasets/ASVspoof5_partitions/audio_data/bonafide/E_0005936204.flac,watermarked_audios/audioseal/bonafide/E_0005936204_watermarked.flac,0.4701368510723114,0.3118804395198822
audioseal,bonafide,E_0002219449,datasets/ASVspoof5_partitions/audio_data/bonafide/E_0002219449.flac,watermarked_audios/audioseal/bonafide/E_0002219449_watermarked.flac,0.334281861782074,0.2317473590373993
audioseal,bonafide,E_0002630776,datasets/ASVspoof5_partitions/audio_data/bonafide/E_0002630776.flac,watermarked_audios/audioseal/bonafide/E_0002630776_watermarked.flac,0.4195256233215332,0.28051093220710754
audioseal,bonafide,E_0001767450,datasets/ASVspoof5_partitions/audio_data/bonafide/E_0001767450.flac,watermarked_audios/audioseal/bonafide/E_0001767450_watermarked.flac,0.3468768298625946,0.22162196040153503
audioseal,bonafide,E_0008259657,datasets/ASVspoof5_partitions/audio_data/bonafide/E_0008259657.flac,watermarked_audios/audioseal/bonafide/E_0008259657_watermarked.flac,0.35335028171539307,0.2408028393983841
audioseal,bonafide,E_0000246429,datasets/ASVspoof5_partitions/audio_data/bonafide/E_0000246429.flac,watermarked_audios/audioseal/bonafide/E_0000246429_watermarked.flac,0.3978193402290344,0.27332258224487305
audioseal,bonafide,E_0003974242,datasets/ASVspoof5_partitions/audio_data/bonafide/E_0003974242.flac,watermarked_audios/audioseal/bonafide/E_0003974242_watermarked.flac,0.33844369649887085,0.23751524090766907
audioseal,bonafide,E_0002680054,datasets/ASVspoof5_partitions/audio_data/bonafide/E_0002680054.flac,watermarked_audios/audioseal/bonafide/E_0002680054_watermarked.flac,0.3783200681209564,0.28224506974220276
audioseal,bonafide,E_0004142801,datasets/ASVspoof5_partitions/audio_data/bonafide/E_0004142801.flac,watermarked_audios/audioseal/bonafide/E_0004142801_watermarked.flac,0.41653603315353394,0.29890716075897217
audioseal,bonafide,E_0000106887,datasets/ASVspoof5_partitions/audio_data/bonafide/E_0000106887.flac,watermarked_audios/audioseal/bonafide/E_0000106887_watermarked.flac,0.45059674978256226,0.2698639929294586
audioseal,bonafide,E_0003598052,datasets/ASVspoof5_partitions/audio_data/bonafide/E_0003598052.flac,watermarked_audios/audioseal/bonafide/E_0003598052_watermarked.flac,0.294986754655838,0.20498257875442505
audioseal,bonafide,E_0009588917,datasets/ASVspoof5_partitions/audio_data/bonafide/E_0009588917.flac,watermarked_audios/audioseal/bonafide/E_0009588917_watermarked.flac,0.33528605103492737,0.22518807649612427
audioseal,bonafide,E_0001270528,datasets/ASVspoof5_partitions/audio_data/bonafide/E_0001270528.flac,watermarked_audios/audioseal/bonafide/E_0001270528_watermarked.flac,0.4537314176559448,0.29144635796546936
audioseal,bonafide,E_0009716729,datasets/ASVspoof5_partitions/audio_data/bonafide/E_0009716729.flac,watermarked_audios/audioseal/bonafide/E_0009716729_watermarked.flac,0.4026307165622711,0.2617500424385071
audioseal,bonafide,E_0000688823,datasets/ASVspoof5_partitions/audio_data/bonafide/E_0000688823.flac,watermarked_audios/audioseal/bonafide/E_0000688823_watermarked.flac,0.3336780071258545,0.23135018348693848
audioseal,bonafide,E_0005177117,datasets/ASVspoof5_partitions/audio_data/bonafide/E_0005177117.flac,watermarked_audios/audioseal/bonafide/E_0005177117_watermarked.flac,0.3039162755012512,0.19380713999271393
audioseal,bonafide,E_0008829513,datasets/ASVspoof5_partitions/audio_data/bonafide/E_0008829513.flac,watermarked_audios/audioseal/bonafide/E_0008829513_watermarked.flac,0.4474281966686249,0.2939850091934204
audioseal,bonafide,E_0003417392,datasets/ASVspoof5_partitions/audio_data/bonafide/E_0003417392.flac,watermarked_audios/audioseal/bonafide/E_0003417392_watermarked.flac,0.39178159832954407,0.251193106174469
audioseal,bonafide,E_0003786480,datasets/ASVspoof5_partitions/audio_data/bonafide/E_0003786480.flac,watermarked_audios/audioseal/bonafide/E_0003786480_watermarked.flac,0.39699551463127136,0.2735559940338135
audioseal,bonafide,E_0001047147,datasets/ASVspoof5_partitions/audio_data/bonafide/E_0001047147.flac,watermarked_audios/audioseal/bonafide/E_0001047147_watermarked.flac,0.33191463351249695,0.22493836283683777
audioseal,bonafide,E_0005990368,datasets/ASVspoof5_partitions/audio_data/bonafide/E_0005990368.flac,watermarked_audios/audioseal/bonafide/E_0005990368_watermarked.flac,0.29805707931518555,0.20797106623649597
audioseal,bonafide,E_0003192071,datasets/ASVspoof5_partitions/audio_data/bonafide/E_0003192071.flac,watermarked_audios/audioseal/bonafide/E_0003192071_watermarked.flac,0.3250808119773865,0.210816890001297
audioseal,bonafide,E_0001664811,datasets/ASVspoof5_partitions/audio_data/bonafide/E_0001664811.flac,watermarked_audios/audioseal/bonafide/E_0001664811_watermarked.flac,0.3260728716850281,0.21929259598255157
audioseal,bonafide,E_0005870435,datasets/ASVspoof5_partitions/audio_data/bonafide/E_0005870435.flac,watermarked_audios/audioseal/bonafide/E_0005870435_watermarked.flac,0.35818564891815186,0.2472715973854065
audioseal,spoofed,E_0005309742,datasets/ASVspoof5_partitions/audio_data/spoofed/E_0005309742.flac,watermarked_audios/audioseal/spoofed/E_0005309742_watermarked.flac,0.3875880539417267,0.26151150465011597
audioseal,spoofed,E_0000853746,datasets/ASVspoof5_partitions/audio_data/spoofed/E_0000853746.flac,watermarked_audios/audioseal/spoofed/E_0000853746_watermarked.flac,0.5776660442352295,0.3010823130607605
audioseal,spoofed,E_0008308722,datasets/ASVspoof5_partitions/audio_data/spoofed/E_0008308722.flac,watermarked_audios/audioseal/spoofed/E_0008308722_watermarked.flac,0.3382982909679413,0.24450068175792694
audioseal,spoofed,E_0004490708,datasets/ASVspoof5_partitions/audio_data/spoofed/E_0004490708.flac,watermarked_audios/audioseal/spoofed/E_0004490708_watermarked.flac,0.47332727909088135,0.32203876972198486
audioseal,spoofed,E_0000693450,datasets/ASVspoof5_partitions/audio_data/spoofed/E_0000693450.flac,watermarked_audios/audioseal/spoofed/E_0000693450_watermarked.flac,0.3146236538887024,0.22359243035316467
audioseal,spoofed,E_0007178506,datasets/ASVspoof5_partitions/audio_data/spoofed/E_0007178506.flac,watermarked_audios/audioseal/spoofed/E_0007178506_watermarked.flac,0.35964131355285645,0.23196323215961456
audioseal,spoofed,E_0000292439,datasets/ASVspoof5_partitions/audio_data/spoofed/E_0000292439.flac,watermarked_audios/audioseal/spoofed/E_0000292439_watermarked.flac,0.31490394473075867,0.2286192774772644
audioseal,spoofed,E_0005847401,datasets/ASVspoof5_partitions/audio_data/spoofed/E_0005847401.flac,watermarked_audios/audioseal/spoofed/E_0005847401_watermarked.flac,0.5031155347824097,0.332502543926239
audioseal,spoofed,E_0008582937,datasets/ASVspoof5_partitions/audio_data/spoofed/E_0008582937.flac,watermarked_audios/audioseal/spoofed/E_0008582937_watermarked.flac,0.4554916024208069,0.27713465690612793
audioseal,spoofed,E_0001366709,datasets/ASVspoof5_partitions/audio_data/spoofed/E_0001366709.flac,watermarked_audios/audioseal/spoofed/E_0001366709_watermarked.flac,0.3151681423187256,0.21667064726352692
audioseal,spoofed,E_0008325027,datasets/ASVspoof5_partitions/audio_data/spoofed/E_0008325027.flac,watermarked_audios/audioseal/spoofed/E_0008325027_watermarked.flac,0.32933831214904785,0.20681770145893097
audioseal,spoofed,E_0004541374,datasets/ASVspoof5_partitions/audio_data/spoofed/E_0004541374.flac,watermarked_audios/audioseal/spoofed/E_0004541374_watermarked.flac,0.5135110020637512,0.3318449556827545
audioseal,spoofed,E_0003010105,datasets/ASVspoof5_partitions/audio_data/spoofed/E_0003010105.flac,watermarked_audios/audioseal/spoofed/E_0003010105_watermarked.flac,0.43211665749549866,0.2574111521244049
audioseal,spoofed,E_0002728334,datasets/ASVspoof5_partitions/audio_data/spoofed/E_0002728334.flac,watermarked_audios/audioseal/spoofed/E_0002728334_watermarked.flac,0.3681999444961548,0.23612073063850403
audioseal,spoofed,E_0009057283,datasets/ASVspoof5_partitions/audio_data/spoofed/E_0009057283.flac,watermarked_audios/audioseal/spoofed/E_0009057283_watermarked.flac,0.4125804603099823,0.24913805723190308
audioseal,spoofed,E_0000489018,datasets/ASVspoof5_partitions/audio_data/spoofed/E_0000489018.flac,watermarked_audios/audioseal/spoofed/E_0000489018_watermarked.flac,0.40743497014045715,0.2209327071905136
audioseal,spoofed,E_0006082825,datasets/ASVspoof5_partitions/audio_data/spoofed/E_0006082825.flac,watermarked_audios/audioseal/spoofed/E_0006082825_watermarked.flac,0.3258621096611023,0.2109665721654892
audioseal,spoofed,E_0000933854,datasets/ASVspoof5_partitions/audio_data/spoofed/E_0000933854.flac,watermarked_audios/audioseal/spoofed/E_0000933854_watermarked.flac,0.31880152225494385,0.22265484929084778
audioseal,spoofed,E_0002533527,datasets/ASVspoof5_partitions/audio_data/spoofed/E_0002533527.flac,watermarked_audios/audioseal/spoofed/E_0002533527_watermarked.flac,0.31330305337905884,0.22047747671604156
audioseal,spoofed,E_0002492275,datasets/ASVspoof5_partitions/audio_data/spoofed/E_0002492275.flac,watermarked_audios/audioseal/spoofed/E_0002492275_watermarked.flac,0.41640663146972656,0.27520838379859924
audioseal,spoofed,E_0009355584,datasets/ASVspoof5_partitions/audio_data/spoofed/E_0009355584.flac,watermarked_audios/audioseal/spoofed/E_0009355584_watermarked.flac,0.36900797486305237,0.26109787821769714
audioseal,spoofed,E_0009210096,datasets/ASVspoof5_partitions/audio_data/spoofed/E_0009210096.flac,watermarked_audios/audioseal/spoofed/E_0009210096_watermarked.flac,0.3952300548553467,0.25257712602615356
audioseal,spoofed,E_0007922223,datasets/ASVspoof5_partitions/audio_data/spoofed/E_0007922223.flac,watermarked_audios/audioseal/spoofed/E_0007922223_watermarked.flac,0.3814884424209595,0.2513457238674164
audioseal,spoofed,E_0000168096,datasets/ASVspoof5_partitions/audio_data/spoofed/E_0000168096.flac,watermarked_audios/audioseal/spoofed/E_0000168096_watermarked.flac,0.2755872309207916,0.19350820779800415
audioseal,spoofed,E_0009294814,datasets/ASVspoof5_partitions/audio_data/spoofed/E_0009294814.flac,watermarked_audios/audioseal/spoofed/E_0009294814_watermarked.flac,0.4343814551830292,0.2824285328388214
audioseal,spoofed,E_0007397972,datasets/ASVspoof5_partitions/audio_data/spoofed/E_0007397972.flac,watermarked_audios/audioseal/spoofed/E_0007397972_watermarked.flac,0.35318559408187866,0.22224824130535126
audioseal,spoofed,E_0009296868,datasets/ASVspoof5_partitions/audio_data/spoofed/E_0009296868.flac,watermarked_audios/audioseal/spoofed/E_0009296868_watermarked.flac,0.3848050832748413,0.26493293046951294
audioseal,spoofed,E_0002922537,datasets/ASVspoof5_partitions/audio_data/spoofed/E_0002922537.flac,watermarked_audios/audioseal/spoofed/E_0002922537_watermarked.flac,0.3638503849506378,0.2485722005367279
audioseal,spoofed,E_0005698181,datasets/ASVspoof5_partitions/audio_data/spoofed/E_0005698181.flac,watermarked_audios/audioseal/spoofed/E_0005698181_watermarked.flac,0.34456050395965576,0.24147692322731018
audioseal,spoofed,E_0008142959,datasets/ASVspoof5_partitions/audio_data/spoofed/E_0008142959.flac,watermarked_audios/audioseal/spoofed/E_0008142959_watermarked.flac,0.2919594645500183,0.18519291281700134
audioseal,spoofed,E_0002976653,datasets/ASVspoof5_partitions/audio_data/spoofed/E_0002976653.flac,watermarked_audios/audioseal/spoofed/E_0002976653_watermarked.flac,0.48677998781204224,0.32632043957710266
audioseal,spoofed,E_0005763141,datasets/ASVspoof5_partitions/audio_data/spoofed/E_0005763141.flac,watermarked_audios/audioseal/spoofed/E_0005763141_watermarked.flac,0.4684946835041046,0.3299521803855896
audioseal,spoofed,E_0005785691,datasets/ASVspoof5_partitions/audio_data/spoofed/E_0005785691.flac,watermarked_audios/audioseal/spoofed/E_0005785691_watermarked.flac,0.313157320022583,0.23053616285324097
audioseal,spoofed,E_0005852589,datasets/ASVspoof5_partitions/audio_data/spoofed/E_0005852589.flac,watermarked_audios/audioseal/spoofed/E_0005852589_watermarked.flac,0.3894956409931183,0.2699231207370758
audioseal,spoofed,E_0005818493,datasets/ASVspoof5_partitions/audio_data/spoofed/E_0005818493.flac,watermarked_audios/audioseal/spoofed/E_0005818493_watermarked.flac,0.3413185477256775,0.23637481033802032
audioseal,spoofed,E_0001602811,datasets/ASVspoof5_partitions/audio_data/spoofed/E_0001602811.flac,watermarked_audios/audioseal/spoofed/E_0001602811_watermarked.flac,0.3010261356830597,0.21235717833042145
audioseal,spoofed,E_0001706008,datasets/ASVspoof5_partitions/audio_data/spoofed/E_0001706008.flac,watermarked_audios/audioseal/spoofed/E_0001706008_watermarked.flac,0.3322950601577759,0.22250179946422577
audioseal,spoofed,E_0000418142,datasets/ASVspoof5_partitions/audio_data/spoofed/E_0000418142.flac,watermarked_audios/audioseal/spoofed/E_0000418142_watermarked.flac,0.3662507236003876,0.23992027342319489
audioseal,spoofed,E_0004180511,datasets/ASVspoof5_partitions/audio_data/spoofed/E_0004180511.flac,watermarked_audios/audioseal/spoofed/E_0004180511_watermarked.flac,0.35574087500572205,0.23627880215644836
audioseal,spoofed,E_0005364619,datasets/ASVspoof5_partitions/audio_data/spoofed/E_0005364619.flac,watermarked_audios/audioseal/spoofed/E_0005364619_watermarked.flac,0.3056766986846924,0.22618833184242249
audioseal,spoofed,E_0003277436,datasets/ASVspoof5_partitions/audio_data/spoofed/E_0003277436.flac,watermarked_audios/audioseal/spoofed/E_0003277436_watermarked.flac,0.3104965388774872,0.2083585113286972
audioseal,spoofed,E_0003222587,datasets/ASVspoof5_partitions/audio_data/spoofed/E_0003222587.flac,watermarked_audios/audioseal/spoofed/E_0003222587_watermarked.flac,0.31099334359169006,0.21194039285182953
audioseal,spoofed,E_0004140330,datasets/ASVspoof5_partitions/audio_data/spoofed/E_0004140330.flac,watermarked_audios/audioseal/spoofed/E_0004140330_watermarked.flac,0.3025702238082886,0.21574530005455017
audioseal,spoofed,E_0001821646,datasets/ASVspoof5_partitions/audio_data/spoofed/E_0001821646.flac,watermarked_audios/audioseal/spoofed/E_0001821646_watermarked.flac,0.4229053854942322,0.2755577564239502
audioseal,spoofed,E_0004706635,datasets/ASVspoof5_partitions/audio_data/spoofed/E_0004706635.flac,watermarked_audios/audioseal/spoofed/E_0004706635_watermarked.flac,0.4267032742500305,0.2459101676940918
audioseal,spoofed,E_0000688876,datasets/ASVspoof5_partitions/audio_data/spoofed/E_0000688876.flac,watermarked_audios/audioseal/spoofed/E_0000688876_watermarked.flac,0.3674350082874298,0.2490490823984146
audioseal,spoofed,E_0000740495,datasets/ASVspoof5_partitions/audio_data/spoofed/E_0000740495.flac,watermarked_audios/audioseal/spoofed/E_0000740495_watermarked.flac,0.3248882293701172,0.240330308675766
audioseal,spoofed,E_0009938323,datasets/ASVspoof5_partitions/audio_data/spoofed/E_0009938323.flac,watermarked_audios/audioseal/spoofed/E_0009938323_watermarked.flac,0.3045625686645508,0.20454955101013184
audioseal,spoofed,E_0000571047,datasets/ASVspoof5_partitions/audio_data/spoofed/E_0000571047.flac,watermarked_audios/audioseal/spoofed/E_0000571047_watermarked.flac,0.32465860247612,0.22038812935352325
audioseal,spoofed,E_0003312290,datasets/ASVspoof5_partitions/audio_data/spoofed/E_0003312290.flac,watermarked_audios/audioseal/spoofed/E_0003312290_watermarked.flac,0.30184629559516907,0.21138614416122437
audioseal,spoofed,E_0008778609,datasets/ASVspoof5_partitions/audio_data/spoofed/E_0008778609.flac,watermarked_audios/audioseal/spoofed/E_0008778609_watermarked.flac,0.30006036162376404,0.21219991147518158
audioseal,spoofed,E_0009906267,datasets/ASVspoof5_partitions/audio_data/spoofed/E_0009906267.flac,watermarked_audios/audioseal/spoofed/E_0009906267_watermarked.flac,0.28125178813934326,0.19438506662845612
audioseal,spoofed,E_0006612027,datasets/ASVspoof5_partitions/audio_data/spoofed/E_0006612027.flac,watermarked_audios/audioseal/spoofed/E_0006612027_watermarked.flac,0.3419974446296692,0.2405695915222168
audioseal,spoofed,E_0004829349,datasets/ASVspoof5_partitions/audio_data/spoofed/E_0004829349.flac,watermarked_audios/audioseal/spoofed/E_0004829349_watermarked.flac,0.2602637708187103,0.1821315735578537
audioseal,spoofed,E_0007652850,datasets/ASVspoof5_partitions/audio_data/spoofed/E_0007652850.flac,watermarked_audios/audioseal/spoofed/E_0007652850_watermarked.flac,0.38986262679100037,0.27084973454475403
audioseal,spoofed,E_0009731399,datasets/ASVspoof5_partitions/audio_data/spoofed/E_0009731399.flac,watermarked_audios/audioseal/spoofed/E_0009731399_watermarked.flac,0.42332443594932556,0.25065428018569946
audioseal,spoofed,E_0001409042,datasets/ASVspoof5_partitions/audio_data/spoofed/E_0001409042.flac,watermarked_audios/audioseal/spoofed/E_0001409042_watermarked.flac,0.2848108410835266,0.19446177780628204
audioseal,spoofed,E_0002332281,datasets/ASVspoof5_partitions/audio_data/spoofed/E_0002332281.flac,watermarked_audios/audioseal/spoofed/E_0002332281_watermarked.flac,0.3179665505886078,0.21784308552742004
audioseal,spoofed,E_0005651791,datasets/ASVspoof5_partitions/audio_data/spoofed/E_0005651791.flac,watermarked_audios/audioseal/spoofed/E_0005651791_watermarked.flac,0.35931509733200073,0.2587323784828186
audioseal,spoofed,E_0006748188,datasets/ASVspoof5_partitions/audio_data/spoofed/E_0006748188.flac,watermarked_audios/audioseal/spoofed/E_0006748188_watermarked.flac,0.31299230456352234,0.2206563502550125
audioseal,spoofed,E_0001936854,datasets/ASVspoof5_partitions/audio_data/spoofed/E_0001936854.flac,watermarked_audios/audioseal/spoofed/E_0001936854_watermarked.flac,0.3487818241119385,0.24799571931362152
audioseal,spoofed,E_0007276592,datasets/ASVspoof5_partitions/audio_data/spoofed/E_0007276592.flac,watermarked_audios/audioseal/spoofed/E_0007276592_watermarked.flac,0.3103017210960388,0.21356873214244843
audioseal,spoofed,E_0008982215,datasets/ASVspoof5_partitions/audio_data/spoofed/E_0008982215.flac,watermarked_audios/audioseal/spoofed/E_0008982215_watermarked.flac,0.35017845034599304,0.23139946162700653
audioseal,spoofed,E_0000181548,datasets/ASVspoof5_partitions/audio_data/spoofed/E_0000181548.flac,watermarked_audios/audioseal/spoofed/E_0000181548_watermarked.flac,0.5005302429199219,0.3104245960712433
audioseal,spoofed,E_0000427470,datasets/ASVspoof5_partitions/audio_data/spoofed/E_0000427470.flac,watermarked_audios/audioseal/spoofed/E_0000427470_watermarked.flac,0.3419157862663269,0.21850506961345673
audioseal,spoofed,E_0000579112,datasets/ASVspoof5_partitions/audio_data/spoofed/E_0000579112.flac,watermarked_audios/audioseal/spoofed/E_0000579112_watermarked.flac,0.36428990960121155,0.2288231998682022
audioseal,spoofed,E_0008778383,datasets/ASVspoof5_partitions/audio_data/spoofed/E_0008778383.flac,watermarked_audios/audioseal/spoofed/E_0008778383_watermarked.flac,0.388954758644104,0.23906344175338745
audioseal,spoofed,E_0003286202,datasets/ASVspoof5_partitions/audio_data/spoofed/E_0003286202.flac,watermarked_audios/audioseal/spoofed/E_0003286202_watermarked.flac,0.354059100151062,0.23725292086601257
audioseal,spoofed,E_0003332247,datasets/ASVspoof5_partitions/audio_data/spoofed/E_0003332247.flac,watermarked_audios/audioseal/spoofed/E_0003332247_watermarked.flac,0.36101943254470825,0.2483931928873062
audioseal,spoofed,E_0001278849,datasets/ASVspoof5_partitions/audio_data/spoofed/E_0001278849.flac,watermarked_audios/audioseal/spoofed/E_0001278849_watermarked.flac,0.36300623416900635,0.20131418108940125
audioseal,spoofed,E_0008818363,datasets/ASVspoof5_partitions/audio_data/spoofed/E_0008818363.flac,watermarked_audios/audioseal/spoofed/E_0008818363_watermarked.flac,0.4227459728717804,0.28353407979011536
audioseal,spoofed,E_0004150634,datasets/ASVspoof5_partitions/audio_data/spoofed/E_0004150634.flac,watermarked_audios/audioseal/spoofed/E_0004150634_watermarked.flac,0.5639588832855225,0.32020485401153564
audioseal,spoofed,E_0004647660,datasets/ASVspoof5_partitions/audio_data/spoofed/E_0004647660.flac,watermarked_audios/audioseal/spoofed/E_0004647660_watermarked.flac,0.2931331396102905,0.20133903622627258
audioseal,spoofed,E_0007988192,datasets/ASVspoof5_partitions/audio_data/spoofed/E_0007988192.flac,watermarked_audios/audioseal/spoofed/E_0007988192_watermarked.flac,0.4616974890232086,0.309057354927063
audioseal,spoofed,E_0007347932,datasets/ASVspoof5_partitions/audio_data/spoofed/E_0007347932.flac,watermarked_audios/audioseal/spoofed/E_0007347932_watermarked.flac,0.36588481068611145,0.22336013615131378
audioseal,spoofed,E_0009844367,datasets/ASVspoof5_partitions/audio_data/spoofed/E_0009844367.flac,watermarked_audios/audioseal/spoofed/E_0009844367_watermarked.flac,0.3310404419898987,0.23381660878658295
audioseal,spoofed,E_0004037241,datasets/ASVspoof5_partitions/audio_data/spoofed/E_0004037241.flac,watermarked_audios/audioseal/spoofed/E_0004037241_watermarked.flac,0.313455194234848,0.22865167260169983
audioseal,spoofed,E_0008705369,datasets/ASVspoof5_partitions/audio_data/spoofed/E_0008705369.flac,watermarked_audios/audioseal/spoofed/E_0008705369_watermarked.flac,0.2992963194847107,0.23230871558189392
audioseal,spoofed,E_0000860935,datasets/ASVspoof5_partitions/audio_data/spoofed/E_0000860935.flac,watermarked_audios/audioseal/spoofed/E_0000860935_watermarked.flac,0.3301301598548889,0.232017382979393
audioseal,spoofed,E_0001589359,datasets/ASVspoof5_partitions/audio_data/spoofed/E_0001589359.flac,watermarked_audios/audioseal/spoofed/E_0001589359_watermarked.flac,0.28633832931518555,0.19851987063884735
audioseal,spoofed,E_0004859830,datasets/ASVspoof5_partitions/audio_data/spoofed/E_0004859830.flac,watermarked_audios/audioseal/spoofed/E_0004859830_watermarked.flac,0.4839085340499878,0.2914130687713623
audioseal,spoofed,E_0000613214,datasets/ASVspoof5_partitions/audio_data/spoofed/E_0000613214.flac,watermarked_audios/audioseal/spoofed/E_0000613214_watermarked.flac,0.28473618626594543,0.1825680136680603
audioseal,spoofed,E_0001941524,datasets/ASVspoof5_partitions/audio_data/spoofed/E_0001941524.flac,watermarked_audios/audioseal/spoofed/E_0001941524_watermarked.flac,0.31335747241973877,0.20860056579113007
audioseal,spoofed,E_0005779091,datasets/ASVspoof5_partitions/audio_data/spoofed/E_0005779091.flac,watermarked_audios/audioseal/spoofed/E_0005779091_watermarked.flac,0.3597211539745331,0.22879338264465332
audioseal,spoofed,E_0004894264,datasets/ASVspoof5_partitions/audio_data/spoofed/E_0004894264.flac,watermarked_audios/audioseal/spoofed/E_0004894264_watermarked.flac,0.316839337348938,0.21636106073856354
audioseal,spoofed,E_0009354034,datasets/ASVspoof5_partitions/audio_data/spoofed/E_0009354034.flac,watermarked_audios/audioseal/spoofed/E_0009354034_watermarked.flac,0.3684239685535431,0.26543739438056946
audioseal,spoofed,E_0007544041,datasets/ASVspoof5_partitions/audio_data/spoofed/E_0007544041.flac,watermarked_audios/audioseal/spoofed/E_0007544041_watermarked.flac,0.37477052211761475,0.182418555021286
audioseal,spoofed,E_0009386254,datasets/ASVspoof5_partitions/audio_data/spoofed/E_0009386254.flac,watermarked_audios/audioseal/spoofed/E_0009386254_watermarked.flac,0.40648677945137024,0.24952332675457
audioseal,spoofed,E_0009191130,datasets/ASVspoof5_partitions/audio_data/spoofed/E_0009191130.flac,watermarked_audios/audioseal/spoofed/E_0009191130_watermarked.flac,0.3201342821121216,0.23603734374046326
audioseal,spoofed,E_0009612135,datasets/ASVspoof5_partitions/audio_data/spoofed/E_0009612135.flac,watermarked_audios/audioseal/spoofed/E_0009612135_watermarked.flac,0.3133287727832794,0.1906595528125763
audioseal,spoofed,E_0002984631,datasets/ASVspoof5_partitions/audio_data/spoofed/E_0002984631.flac,watermarked_audios/audioseal/spoofed/E_0002984631_watermarked.flac,0.46311190724372864,0.3072364926338196
audioseal,spoofed,E_0006118542,datasets/ASVspoof5_partitions/audio_data/spoofed/E_0006118542.flac,watermarked_audios/audioseal/spoofed/E_0006118542_watermarked.flac,0.3357190489768982,0.2291637510061264
audioseal,spoofed,E_0001356245,datasets/ASVspoof5_partitions/audio_data/spoofed/E_0001356245.flac,watermarked_audios/audioseal/spoofed/E_0001356245_watermarked.flac,0.447884738445282,0.28252533078193665
audioseal,spoofed,E_0005092163,datasets/ASVspoof5_partitions/audio_data/spoofed/E_0005092163.flac,watermarked_audios/audioseal/spoofed/E_0005092163_watermarked.flac,0.3813634514808655,0.2321653515100479
audioseal,spoofed,E_0000841204,datasets/ASVspoof5_partitions/audio_data/spoofed/E_0000841204.flac,watermarked_audios/audioseal/spoofed/E_0000841204_watermarked.flac,0.28423672914505005,0.18992000818252563
audioseal,spoofed,E_0005831644,datasets/ASVspoof5_partitions/audio_data/spoofed/E_0005831644.flac,watermarked_audios/audioseal/spoofed/E_0005831644_watermarked.flac,0.30949515104293823,0.21169722080230713
audioseal,spoofed,E_0009028357,datasets/ASVspoof5_partitions/audio_data/spoofed/E_0009028357.flac,watermarked_audios/audioseal/spoofed/E_0009028357_watermarked.flac,0.4315609633922577,0.2887781262397766
audioseal,spoofed,E_0006407657,datasets/ASVspoof5_partitions/audio_data/spoofed/E_0006407657.flac,watermarked_audios/audioseal/spoofed/E_0006407657_watermarked.flac,0.3175738751888275,0.21371792256832123
audioseal,spoofed,E_0003035489,datasets/ASVspoof5_partitions/audio_data/spoofed/E_0003035489.flac,watermarked_audios/audioseal/spoofed/E_0003035489_watermarked.flac,0.2647584080696106,0.17871470749378204
audioseal,spoofed,E_0000037116,datasets/ASVspoof5_partitions/audio_data/spoofed/E_0000037116.flac,watermarked_audios/audioseal/spoofed/E_0000037116_watermarked.flac,0.3448595404624939,0.23624318838119507
audioseal,spoofed,E_0005094127,datasets/ASVspoof5_partitions/audio_data/spoofed/E_0005094127.flac,watermarked_audios/audioseal/spoofed/E_0005094127_watermarked.flac,0.31816381216049194,0.22338655591011047
audioseal,spoofed,E_0005448472,datasets/ASVspoof5_partitions/audio_data/spoofed/E_0005448472.flac,watermarked_audios/audioseal/spoofed/E_0005448472_watermarked.flac,0.42868638038635254,0.2793979048728943
audioseal,spoofed,E_0000302173,datasets/ASVspoof5_partitions/audio_data/spoofed/E_0000302173.flac,watermarked_audios/audioseal/spoofed/E_0000302173_watermarked.flac,0.37601590156555176,0.18511730432510376
audioseal,spoofed,E_0006203818,datasets/ASVspoof5_partitions/audio_data/spoofed/E_0006203818.flac,watermarked_audios/audioseal/spoofed/E_0006203818_watermarked.flac,0.32826974987983704,0.23233748972415924
audioseal,spoofed,E_0004551471,datasets/ASVspoof5_partitions/audio_data/spoofed/E_0004551471.flac,watermarked_audios/audioseal/spoofed/E_0004551471_watermarked.flac,0.2992303669452667,0.2167590856552124
audioseal,spoofed,E_0005113478,datasets/ASVspoof5_partitions/audio_data/spoofed/E_0005113478.flac,watermarked_audios/audioseal/spoofed/E_0005113478_watermarked.flac,0.36160925030708313,0.23450271785259247
audioseal,spoofed,E_0006135494,datasets/ASVspoof5_partitions/audio_data/spoofed/E_0006135494.flac,watermarked_audios/audioseal/spoofed/E_0006135494_watermarked.flac,0.36912938952445984,0.259503573179245
audioseal,spoofed,E_0002810578,datasets/ASVspoof5_partitions/audio_data/spoofed/E_0002810578.flac,watermarked_audios/audioseal/spoofed/E_0002810578_watermarked.flac,0.2943938374519348,0.19502094388008118
audioseal,spoofed,E_0009276318,datasets/ASVspoof5_partitions/audio_data/spoofed/E_0009276318.flac,watermarked_audios/audioseal/spoofed/E_0009276318_watermarked.flac,0.28900495171546936,0.2168935388326645
audioseal,spoofed,E_0002768385,datasets/ASVspoof5_partitions/audio_data/spoofed/E_0002768385.flac,watermarked_audios/audioseal/spoofed/E_0002768385_watermarked.flac,0.39735183119773865,0.2705983519554138
audioseal,spoofed,E_0001811782,datasets/ASVspoof5_partitions/audio_data/spoofed/E_0001811782.flac,watermarked_audios/audioseal/spoofed/E_0001811782_watermarked.flac,0.3945366144180298,0.24349519610404968
audioseal,spoofed,E_0007031856,datasets/ASVspoof5_partitions/audio_data/spoofed/E_0007031856.flac,watermarked_audios/audioseal/spoofed/E_0007031856_watermarked.flac,0.2964719533920288,0.21009095013141632
audioseal,spoofed,E_0003975007,datasets/ASVspoof5_partitions/audio_data/spoofed/E_0003975007.flac,watermarked_audios/audioseal/spoofed/E_0003975007_watermarked.flac,0.3730209767818451,0.20617806911468506
audioseal,spoofed,E_0008246230,datasets/ASVspoof5_partitions/audio_data/spoofed/E_0008246230.flac,watermarked_audios/audioseal/spoofed/E_0008246230_watermarked.flac,0.33519211411476135,0.19874240458011627
audioseal,spoofed,E_0009795866,datasets/ASVspoof5_partitions/audio_data/spoofed/E_0009795866.flac,watermarked_audios/audioseal/spoofed/E_0009795866_watermarked.flac,0.33147409558296204,0.21748454868793488
audioseal,spoofed,E_0003516743,datasets/ASVspoof5_partitions/audio_data/spoofed/E_0003516743.flac,watermarked_audios/audioseal/spoofed/E_0003516743_watermarked.flac,0.3966536819934845,0.24784834682941437
audioseal,spoofed,E_0002258045,datasets/ASVspoof5_partitions/audio_data/spoofed/E_0002258045.flac,watermarked_audios/audioseal/spoofed/E_0002258045_watermarked.flac,0.27790796756744385,0.21076184511184692
audioseal,spoofed,E_0009056179,datasets/ASVspoof5_partitions/audio_data/spoofed/E_0009056179.flac,watermarked_audios/audioseal/spoofed/E_0009056179_watermarked.flac,0.3640982508659363,0.25635045766830444
audioseal,spoofed,E_0005387705,datasets/ASVspoof5_partitions/audio_data/spoofed/E_0005387705.flac,watermarked_audios/audioseal/spoofed/E_0005387705_watermarked.flac,0.34238699078559875,0.22619131207466125
audioseal,spoofed,E_0000227295,datasets/ASVspoof5_partitions/audio_data/spoofed/E_0000227295.flac,watermarked_audios/audioseal/spoofed/E_0000227295_watermarked.flac,0.300472617149353,0.20553597807884216
audioseal,spoofed,E_0005610176,datasets/ASVspoof5_partitions/audio_data/spoofed/E_0005610176.flac,watermarked_audios/audioseal/spoofed/E_0005610176_watermarked.flac,0.502038836479187,0.31688031554222107
audioseal,spoofed,E_0008292813,datasets/ASVspoof5_partitions/audio_data/spoofed/E_0008292813.flac,watermarked_audios/audioseal/spoofed/E_0008292813_watermarked.flac,0.38825199007987976,0.25816088914871216
audioseal,spoofed,E_0003890574,datasets/ASVspoof5_partitions/audio_data/spoofed/E_0003890574.flac,watermarked_audios/audioseal/spoofed/E_0003890574_watermarked.flac,0.3039843440055847,0.22289064526557922
audioseal,spoofed,E_0001326075,datasets/ASVspoof5_partitions/audio_data/spoofed/E_0001326075.flac,watermarked_audios/audioseal/spoofed/E_0001326075_watermarked.flac,0.4164091944694519,0.25765737891197205
audioseal,spoofed,E_0009041645,datasets/ASVspoof5_partitions/audio_data/spoofed/E_0009041645.flac,watermarked_audios/audioseal/spoofed/E_0009041645_watermarked.flac,0.460559606552124,0.26774558424949646
audioseal,spoofed,E_0008133274,datasets/ASVspoof5_partitions/audio_data/spoofed/E_0008133274.flac,watermarked_audios/audioseal/spoofed/E_0008133274_watermarked.flac,0.3084753453731537,0.2225930541753769
audioseal,spoofed,E_0004680698,datasets/ASVspoof5_partitions/audio_data/spoofed/E_0004680698.flac,watermarked_audios/audioseal/spoofed/E_0004680698_watermarked.flac,0.28857535123825073,0.21521496772766113
audioseal,spoofed,E_0002523775,datasets/ASVspoof5_partitions/audio_data/spoofed/E_0002523775.flac,watermarked_audios/audioseal/spoofed/E_0002523775_watermarked.flac,0.3040798008441925,0.1950235813856125
audioseal,spoofed,E_0004367644,datasets/ASVspoof5_partitions/audio_data/spoofed/E_0004367644.flac,watermarked_audios/audioseal/spoofed/E_0004367644_watermarked.flac,0.2859967052936554,0.21497401595115662
audioseal,spoofed,E_0006734182,datasets/ASVspoof5_partitions/audio_data/spoofed/E_0006734182.flac,watermarked_audios/audioseal/spoofed/E_0006734182_watermarked.flac,0.33452916145324707,0.22057922184467316
audioseal,spoofed,E_0001161561,datasets/ASVspoof5_partitions/audio_data/spoofed/E_0001161561.flac,watermarked_audios/audioseal/spoofed/E_0001161561_watermarked.flac,0.31779614090919495,0.2089010775089264
audioseal,spoofed,E_0004704800,datasets/ASVspoof5_partitions/audio_data/spoofed/E_0004704800.flac,watermarked_audios/audioseal/spoofed/E_0004704800_watermarked.flac,0.288764089345932,0.20170265436172485
audioseal,spoofed,E_0008956818,datasets/ASVspoof5_partitions/audio_data/spoofed/E_0008956818.flac,watermarked_audios/audioseal/spoofed/E_0008956818_watermarked.flac,0.3006778955459595,0.2201772928237915
audioseal,spoofed,E_0000869262,datasets/ASVspoof5_partitions/audio_data/spoofed/E_0000869262.flac,watermarked_audios/audioseal/spoofed/E_0000869262_watermarked.flac,0.42191657423973083,0.2629535496234894
audioseal,spoofed,E_0001478630,datasets/ASVspoof5_partitions/audio_data/spoofed/E_0001478630.flac,watermarked_audios/audioseal/spoofed/E_0001478630_watermarked.flac,0.3358061611652374,0.2210845798254013
audioseal,spoofed,E_0009384898,datasets/ASVspoof5_partitions/audio_data/spoofed/E_0009384898.flac,watermarked_audios/audioseal/spoofed/E_0009384898_watermarked.flac,0.3123706579208374,0.18764907121658325
audioseal,spoofed,E_0005671523,datasets/ASVspoof5_partitions/audio_data/spoofed/E_0005671523.flac,watermarked_audios/audioseal/spoofed/E_0005671523_watermarked.flac,0.3724976181983948,0.23893430829048157
audioseal,spoofed,E_0007893774,datasets/ASVspoof5_partitions/audio_data/spoofed/E_0007893774.flac,watermarked_audios/audioseal/spoofed/E_0007893774_watermarked.flac,0.35904544591903687,0.25321945548057556
audioseal,spoofed,E_0002481762,datasets/ASVspoof5_partitions/audio_data/spoofed/E_0002481762.flac,watermarked_audios/audioseal/spoofed/E_0002481762_watermarked.flac,0.3328683376312256,0.22050848603248596
audioseal,spoofed,E_0000540119,datasets/ASVspoof5_partitions/audio_data/spoofed/E_0000540119.flac,watermarked_audios/audioseal/spoofed/E_0000540119_watermarked.flac,0.48841357231140137,0.315024733543396
audioseal,spoofed,E_0004298649,datasets/ASVspoof5_partitions/audio_data/spoofed/E_0004298649.flac,watermarked_audios/audioseal/spoofed/E_0004298649_watermarked.flac,0.333966463804245,0.20832084119319916
audioseal,spoofed,E_0008840837,datasets/ASVspoof5_partitions/audio_data/spoofed/E_0008840837.flac,watermarked_audios/audioseal/spoofed/E_0008840837_watermarked.flac,0.5273014903068542,0.43985384702682495
audioseal,spoofed,E_0009924368,datasets/ASVspoof5_partitions/audio_data/spoofed/E_0009924368.flac,watermarked_audios/audioseal/spoofed/E_0009924368_watermarked.flac,0.42366302013397217,0.2456006109714508
audioseal,spoofed,E_0005267978,datasets/ASVspoof5_partitions/audio_data/spoofed/E_0005267978.flac,watermarked_audios/audioseal/spoofed/E_0005267978_watermarked.flac,0.30962732434272766,0.2094457447528839
audioseal,spoofed,E_0006211666,datasets/ASVspoof5_partitions/audio_data/spoofed/E_0006211666.flac,watermarked_audios/audioseal/spoofed/E_0006211666_watermarked.flac,0.36727434396743774,0.23949025571346283
audioseal,spoofed,E_0003636012,datasets/ASVspoof5_partitions/audio_data/spoofed/E_0003636012.flac,watermarked_audios/audioseal/spoofed/E_0003636012_watermarked.flac,0.33348703384399414,0.23676380515098572
audioseal,spoofed,E_0006285134,datasets/ASVspoof5_partitions/audio_data/spoofed/E_0006285134.flac,watermarked_audios/audioseal/spoofed/E_0006285134_watermarked.flac,0.3791118264198303,0.2328275889158249
audioseal,spoofed,E_0002395442,datasets/ASVspoof5_partitions/audio_data/spoofed/E_0002395442.flac,watermarked_audios/audioseal/spoofed/E_0002395442_watermarked.flac,0.3063447177410126,0.21421661972999573
audioseal,spoofed,E_0003020870,datasets/ASVspoof5_partitions/audio_data/spoofed/E_0003020870.flac,watermarked_audios/audioseal/spoofed/E_0003020870_watermarked.flac,0.32394593954086304,0.22311682999134064
audioseal,spoofed,E_0001706021,datasets/ASVspoof5_partitions/audio_data/spoofed/E_0001706021.flac,watermarked_audios/audioseal/spoofed/E_0001706021_watermarked.flac,0.3376195430755615,0.23156088590621948
audioseal,spoofed,E_0009729190,datasets/ASVspoof5_partitions/audio_data/spoofed/E_0009729190.flac,watermarked_audios/audioseal/spoofed/E_0009729190_watermarked.flac,0.37366247177124023,0.2607283294200897
audioseal,spoofed,E_0001578323,datasets/ASVspoof5_partitions/audio_data/spoofed/E_0001578323.flac,watermarked_audios/audioseal/spoofed/E_0001578323_watermarked.flac,0.33654800057411194,0.22151866555213928
audioseal,spoofed,E_0004263944,datasets/ASVspoof5_partitions/audio_data/spoofed/E_0004263944.flac,watermarked_audios/audioseal/spoofed/E_0004263944_watermarked.flac,0.29282230138778687,0.19947628676891327
audioseal,spoofed,E_0001621932,datasets/ASVspoof5_partitions/audio_data/spoofed/E_0001621932.flac,watermarked_audios/audioseal/spoofed/E_0001621932_watermarked.flac,0.31412598490715027,0.21526049077510834
audioseal,spoofed,E_0006168140,datasets/ASVspoof5_partitions/audio_data/spoofed/E_0006168140.flac,watermarked_audios/audioseal/spoofed/E_0006168140_watermarked.flac,0.32506805658340454,0.21845024824142456
audioseal,spoofed,E_0009334964,datasets/ASVspoof5_partitions/audio_data/spoofed/E_0009334964.flac,watermarked_audios/audioseal/spoofed/E_0009334964_watermarked.flac,0.34983575344085693,0.22306473553180695
audioseal,spoofed,E_0008913475,datasets/ASVspoof5_partitions/audio_data/spoofed/E_0008913475.flac,watermarked_audios/audioseal/spoofed/E_0008913475_watermarked.flac,0.3293549120426178,0.21662265062332153
audioseal,spoofed,E_0007044173,datasets/ASVspoof5_partitions/audio_data/spoofed/E_0007044173.flac,watermarked_audios/audioseal/spoofed/E_0007044173_watermarked.flac,0.398375928401947,0.2689523696899414
audioseal,spoofed,E_0000562839,datasets/ASVspoof5_partitions/audio_data/spoofed/E_0000562839.flac,watermarked_audios/audioseal/spoofed/E_0000562839_watermarked.flac,0.32109081745147705,0.2044011801481247
audioseal,spoofed,E_0003212174,datasets/ASVspoof5_partitions/audio_data/spoofed/E_0003212174.flac,watermarked_audios/audioseal/spoofed/E_0003212174_watermarked.flac,0.38203164935112,0.231925368309021
audioseal,spoofed,E_0009770078,datasets/ASVspoof5_partitions/audio_data/spoofed/E_0009770078.flac,watermarked_audios/audioseal/spoofed/E_0009770078_watermarked.flac,0.4367937743663788,0.26608285307884216
audioseal,spoofed,E_0003336437,datasets/ASVspoof5_partitions/audio_data/spoofed/E_0003336437.flac,watermarked_audios/audioseal/spoofed/E_0003336437_watermarked.flac,0.416395366191864,0.24889206886291504
audioseal,spoofed,E_0001786480,datasets/ASVspoof5_partitions/audio_data/spoofed/E_0001786480.flac,watermarked_audios/audioseal/spoofed/E_0001786480_watermarked.flac,0.31474798917770386,0.2125784009695053
audioseal,spoofed,E_0005465601,datasets/ASVspoof5_partitions/audio_data/spoofed/E_0005465601.flac,watermarked_audios/audioseal/spoofed/E_0005465601_watermarked.flac,0.30828118324279785,0.20443570613861084
audioseal,spoofed,E_0002119027,datasets/ASVspoof5_partitions/audio_data/spoofed/E_0002119027.flac,watermarked_audios/audioseal/spoofed/E_0002119027_watermarked.flac,0.3228795826435089,0.21936243772506714
audioseal,spoofed,E_0007454880,datasets/ASVspoof5_partitions/audio_data/spoofed/E_0007454880.flac,watermarked_audios/audioseal/spoofed/E_0007454880_watermarked.flac,0.317739874124527,0.23108935356140137
audioseal,spoofed,E_0009860508,datasets/ASVspoof5_partitions/audio_data/spoofed/E_0009860508.flac,watermarked_audios/audioseal/spoofed/E_0009860508_watermarked.flac,0.369348406791687,0.2518302798271179
audioseal,spoofed,E_0001870600,datasets/ASVspoof5_partitions/audio_data/spoofed/E_0001870600.flac,watermarked_audios/audioseal/spoofed/E_0001870600_watermarked.flac,0.2897721827030182,0.20439653098583221
audioseal,spoofed,E_0003340157,datasets/ASVspoof5_partitions/audio_data/spoofed/E_0003340157.flac,watermarked_audios/audioseal/spoofed/E_0003340157_watermarked.flac,0.451714426279068,0.25226956605911255
audioseal,spoofed,E_0001525085,datasets/ASVspoof5_partitions/audio_data/spoofed/E_0001525085.flac,watermarked_audios/audioseal/spoofed/E_0001525085_watermarked.flac,0.3360690772533417,0.21348924934864044
audioseal,spoofed,E_0008742439,datasets/ASVspoof5_partitions/audio_data/spoofed/E_0008742439.flac,watermarked_audios/audioseal/spoofed/E_0008742439_watermarked.flac,0.37892255187034607,0.2766866385936737
audioseal,spoofed,E_0008681146,datasets/ASVspoof5_partitions/audio_data/spoofed/E_0008681146.flac,watermarked_audios/audioseal/spoofed/E_0008681146_watermarked.flac,0.3133634626865387,0.22102293372154236
audioseal,spoofed,E_0007577714,datasets/ASVspoof5_partitions/audio_data/spoofed/E_0007577714.flac,watermarked_audios/audioseal/spoofed/E_0007577714_watermarked.flac,0.3459869921207428,0.23367111384868622
audioseal,spoofed,E_0006106883,datasets/ASVspoof5_partitions/audio_data/spoofed/E_0006106883.flac,watermarked_audios/audioseal/spoofed/E_0006106883_watermarked.flac,0.319937139749527,0.2168242484331131
audioseal,spoofed,E_0000014603,datasets/ASVspoof5_partitions/audio_data/spoofed/E_0000014603.flac,watermarked_audios/audioseal/spoofed/E_0000014603_watermarked.flac,0.39548638463020325,0.23818300664424896
audioseal,spoofed,E_0007981693,datasets/ASVspoof5_partitions/audio_data/spoofed/E_0007981693.flac,watermarked_audios/audioseal/spoofed/E_0007981693_watermarked.flac,0.3203491270542145,0.2419878989458084
audioseal,spoofed,E_0001253940,datasets/ASVspoof5_partitions/audio_data/spoofed/E_0001253940.flac,watermarked_audios/audioseal/spoofed/E_0001253940_watermarked.flac,0.3191329836845398,0.22350209951400757
audioseal,spoofed,E_0001878898,datasets/ASVspoof5_partitions/audio_data/spoofed/E_0001878898.flac,watermarked_audios/audioseal/spoofed/E_0001878898_watermarked.flac,0.2985777258872986,0.21795406937599182
audioseal,spoofed,E_0006255348,datasets/ASVspoof5_partitions/audio_data/spoofed/E_0006255348.flac,watermarked_audios/audioseal/spoofed/E_0006255348_watermarked.flac,0.4205467700958252,0.27720192074775696
audioseal,spoofed,E_0004621745,datasets/ASVspoof5_partitions/audio_data/spoofed/E_0004621745.flac,watermarked_audios/audioseal/spoofed/E_0004621745_watermarked.flac,0.42872318625450134,0.26764971017837524
audioseal,spoofed,E_0002476724,datasets/ASVspoof5_partitions/audio_data/spoofed/E_0002476724.flac,watermarked_audios/audioseal/spoofed/E_0002476724_watermarked.flac,0.39167535305023193,0.25746309757232666
audioseal,spoofed,E_0009864863,datasets/ASVspoof5_partitions/audio_data/spoofed/E_0009864863.flac,watermarked_audios/audioseal/spoofed/E_0009864863_watermarked.flac,0.32063883543014526,0.22046181559562683
audioseal,spoofed,E_0007967856,datasets/ASVspoof5_partitions/audio_data/spoofed/E_0007967856.flac,watermarked_audios/audioseal/spoofed/E_0007967856_watermarked.flac,0.5243356227874756,0.2950054109096527
audioseal,spoofed,E_0004970342,datasets/ASVspoof5_partitions/audio_data/spoofed/E_0004970342.flac,watermarked_audios/audioseal/spoofed/E_0004970342_watermarked.flac,0.3304331600666046,0.23747849464416504
audioseal,spoofed,E_0006374044,datasets/ASVspoof5_partitions/audio_data/spoofed/E_0006374044.flac,watermarked_audios/audioseal/spoofed/E_0006374044_watermarked.flac,0.3272964060306549,0.22944408655166626
audioseal,spoofed,E_0000797860,datasets/ASVspoof5_partitions/audio_data/spoofed/E_0000797860.flac,watermarked_audios/audioseal/spoofed/E_0000797860_watermarked.flac,0.3282107710838318,0.2228078842163086
audioseal,spoofed,E_0006142304,datasets/ASVspoof5_partitions/audio_data/spoofed/E_0006142304.flac,watermarked_audios/audioseal/spoofed/E_0006142304_watermarked.flac,0.33167046308517456,0.2243519276380539
audioseal,spoofed,E_0001830486,datasets/ASVspoof5_partitions/audio_data/spoofed/E_0001830486.flac,watermarked_audios/audioseal/spoofed/E_0001830486_watermarked.flac,0.30234605073928833,0.19652096927165985
audioseal,spoofed,E_0008039053,datasets/ASVspoof5_partitions/audio_data/spoofed/E_0008039053.flac,watermarked_audios/audioseal/spoofed/E_0008039053_watermarked.flac,0.33924534916877747,0.21673278510570526
audioseal,spoofed,E_0001259916,datasets/ASVspoof5_partitions/audio_data/spoofed/E_0001259916.flac,watermarked_audios/audioseal/spoofed/E_0001259916_watermarked.flac,0.3975863754749298,0.28074052929878235
audioseal,spoofed,E_0005444244,datasets/ASVspoof5_partitions/audio_data/spoofed/E_0005444244.flac,watermarked_audios/audioseal/spoofed/E_0005444244_watermarked.flac,0.32710614800453186,0.2202252447605133
audioseal,spoofed,E_0009252414,datasets/ASVspoof5_partitions/audio_data/spoofed/E_0009252414.flac,watermarked_audios/audioseal/spoofed/E_0009252414_watermarked.flac,0.33417966961860657,0.23775936663150787
audioseal,spoofed,E_0003026131,datasets/ASVspoof5_partitions/audio_data/spoofed/E_0003026131.flac,watermarked_audios/audioseal/spoofed/E_0003026131_watermarked.flac,0.4300934076309204,0.24861757457256317
audioseal,spoofed,E_0002447434,datasets/ASVspoof5_partitions/audio_data/spoofed/E_0002447434.flac,watermarked_audios/audioseal/spoofed/E_0002447434_watermarked.flac,0.3544158339500427,0.25632455945014954
audioseal,spoofed,E_0006928058,datasets/ASVspoof5_partitions/audio_data/spoofed/E_0006928058.flac,watermarked_audios/audioseal/spoofed/E_0006928058_watermarked.flac,0.33159202337265015,0.23601001501083374
audioseal,spoofed,E_0000243667,datasets/ASVspoof5_partitions/audio_data/spoofed/E_0000243667.flac,watermarked_audios/audioseal/spoofed/E_0000243667_watermarked.flac,0.3497335910797119,0.250556081533432
audioseal,spoofed,E_0000202886,datasets/ASVspoof5_partitions/audio_data/spoofed/E_0000202886.flac,watermarked_audios/audioseal/spoofed/E_0000202886_watermarked.flac,0.30199605226516724,0.2231283038854599
audioseal,spoofed,E_0003868134,datasets/ASVspoof5_partitions/audio_data/spoofed/E_0003868134.flac,watermarked_audios/audioseal/spoofed/E_0003868134_watermarked.flac,0.4784838855266571,0.2775125801563263
audioseal,spoofed,E_0004790175,datasets/ASVspoof5_partitions/audio_data/spoofed/E_0004790175.flac,watermarked_audios/audioseal/spoofed/E_0004790175_watermarked.flac,0.27192217111587524,0.19812095165252686
audioseal,spoofed,E_0000960612,datasets/ASVspoof5_partitions/audio_data/spoofed/E_0000960612.flac,watermarked_audios/audioseal/spoofed/E_0000960612_watermarked.flac,0.3359186351299286,0.21392831206321716
audioseal,spoofed,E_0000588498,datasets/ASVspoof5_partitions/audio_data/spoofed/E_0000588498.flac,watermarked_audios/audioseal/spoofed/E_0000588498_watermarked.flac,0.41125985980033875,0.2671458423137665
audioseal,spoofed,E_0001239116,datasets/ASVspoof5_partitions/audio_data/spoofed/E_0001239116.flac,watermarked_audios/audioseal/spoofed/E_0001239116_watermarked.flac,0.3013734817504883,0.21219821274280548
audioseal,spoofed,E_0003506496,datasets/ASVspoof5_partitions/audio_data/spoofed/E_0003506496.flac,watermarked_audios/audioseal/spoofed/E_0003506496_watermarked.flac,0.4897233247756958,0.28746989369392395
audioseal,spoofed,E_0007916945,datasets/ASVspoof5_partitions/audio_data/spoofed/E_0007916945.flac,watermarked_audios/audioseal/spoofed/E_0007916945_watermarked.flac,0.4312480092048645,0.21683095395565033
audioseal,spoofed,E_0003483731,datasets/ASVspoof5_partitions/audio_data/spoofed/E_0003483731.flac,watermarked_audios/audioseal/spoofed/E_0003483731_watermarked.flac,0.38553959131240845,0.23327913880348206
audioseal,spoofed,E_0000382391,datasets/ASVspoof5_partitions/audio_data/spoofed/E_0000382391.flac,watermarked_audios/audioseal/spoofed/E_0000382391_watermarked.flac,0.2915382385253906,0.193825826048851
audioseal,spoofed,E_0005093203,datasets/ASVspoof5_partitions/audio_data/spoofed/E_0005093203.flac,watermarked_audios/audioseal/spoofed/E_0005093203_watermarked.flac,0.28717103600502014,0.19883005321025848
audioseal,spoofed,E_0001865690,datasets/ASVspoof5_partitions/audio_data/spoofed/E_0001865690.flac,watermarked_audios/audioseal/spoofed/E_0001865690_watermarked.flac,0.32769209146499634,0.22559046745300293
audioseal,spoofed,E_0007321083,datasets/ASVspoof5_partitions/audio_data/spoofed/E_0007321083.flac,watermarked_audios/audioseal/spoofed/E_0007321083_watermarked.flac,0.30374813079833984,0.2165309637784958
audioseal,spoofed,E_0005012694,datasets/ASVspoof5_partitions/audio_data/spoofed/E_0005012694.flac,watermarked_audios/audioseal/spoofed/E_0005012694_watermarked.flac,0.5504915118217468,0.31367093324661255
audioseal,spoofed,E_0001502563,datasets/ASVspoof5_partitions/audio_data/spoofed/E_0001502563.flac,watermarked_audios/audioseal/spoofed/E_0001502563_watermarked.flac,0.3926483988761902,0.25601884722709656
audioseal,spoofed,E_0003439865,datasets/ASVspoof5_partitions/audio_data/spoofed/E_0003439865.flac,watermarked_audios/audioseal/spoofed/E_0003439865_watermarked.flac,0.29194459319114685,0.19766540825366974
audioseal,spoofed,E_0006601716,datasets/ASVspoof5_partitions/audio_data/spoofed/E_0006601716.flac,watermarked_audios/audioseal/spoofed/E_0006601716_watermarked.flac,0.2939755916595459,0.19570773839950562
audioseal,spoofed,E_0008832850,datasets/ASVspoof5_partitions/audio_data/spoofed/E_0008832850.flac,watermarked_audios/audioseal/spoofed/E_0008832850_watermarked.flac,0.3246801197528839,0.22217845916748047
audioseal,spoofed,E_0006172546,datasets/ASVspoof5_partitions/audio_data/spoofed/E_0006172546.flac,watermarked_audios/audioseal/spoofed/E_0006172546_watermarked.flac,0.44444704055786133,0.21638375520706177
audioseal,spoofed,E_0003234522,datasets/ASVspoof5_partitions/audio_data/spoofed/E_0003234522.flac,watermarked_audios/audioseal/spoofed/E_0003234522_watermarked.flac,0.40790674090385437,0.23758308589458466
audioseal,spoofed,E_0009772537,datasets/ASVspoof5_partitions/audio_data/spoofed/E_0009772537.flac,watermarked_audios/audioseal/spoofed/E_0009772537_watermarked.flac,0.2824402451515198,0.2109563946723938
audioseal,spoofed,E_0008493026,datasets/ASVspoof5_partitions/audio_data/spoofed/E_0008493026.flac,watermarked_audios/audioseal/spoofed/E_0008493026_watermarked.flac,0.5214799046516418,0.2747625708580017
audioseal,spoofed,E_0003452038,datasets/ASVspoof5_partitions/audio_data/spoofed/E_0003452038.flac,watermarked_audios/audioseal/spoofed/E_0003452038_watermarked.flac,0.2999473512172699,0.2093733251094818
audioseal,spoofed,E_0001779618,datasets/ASVspoof5_partitions/audio_data/spoofed/E_0001779618.flac,watermarked_audios/audioseal/spoofed/E_0001779618_watermarked.flac,0.3316114842891693,0.22905920445919037
audioseal,spoofed,E_0000109302,datasets/ASVspoof5_partitions/audio_data/spoofed/E_0000109302.flac,watermarked_audios/audioseal/spoofed/E_0000109302_watermarked.flac,0.27990826964378357,0.20785851776599884
audioseal,spoofed,E_0001596764,datasets/ASVspoof5_partitions/audio_data/spoofed/E_0001596764.flac,watermarked_audios/audioseal/spoofed/E_0001596764_watermarked.flac,0.3970036506652832,0.2633611261844635
audioseal,spoofed,E_0006022144,datasets/ASVspoof5_partitions/audio_data/spoofed/E_0006022144.flac,watermarked_audios/audioseal/spoofed/E_0006022144_watermarked.flac,0.3943268358707428,0.20739009976387024
audioseal,spoofed,E_0008234408,datasets/ASVspoof5_partitions/audio_data/spoofed/E_0008234408.flac,watermarked_audios/audioseal/spoofed/E_0008234408_watermarked.flac,0.45177632570266724,0.2858605980873108
audioseal,spoofed,E_0000719088,datasets/ASVspoof5_partitions/audio_data/spoofed/E_0000719088.flac,watermarked_audios/audioseal/spoofed/E_0000719088_watermarked.flac,0.3075413405895233,0.21293093264102936
audioseal,spoofed,E_0007578609,datasets/ASVspoof5_partitions/audio_data/spoofed/E_0007578609.flac,watermarked_audios/audioseal/spoofed/E_0007578609_watermarked.flac,0.30336838960647583,0.21111249923706055
audioseal,spoofed,E_0001886791,datasets/ASVspoof5_partitions/audio_data/spoofed/E_0001886791.flac,watermarked_audios/audioseal/spoofed/E_0001886791_watermarked.flac,0.28891468048095703,0.2081872522830963
audioseal,spoofed,E_0009509266,datasets/ASVspoof5_partitions/audio_data/spoofed/E_0009509266.flac,watermarked_audios/audioseal/spoofed/E_0009509266_watermarked.flac,0.3999615013599396,0.2598527669906616
audioseal,spoofed,E_0004392253,datasets/ASVspoof5_partitions/audio_data/spoofed/E_0004392253.flac,watermarked_audios/audioseal/spoofed/E_0004392253_watermarked.flac,0.36360782384872437,0.23118679225444794
audioseal,spoofed,E_0005660821,datasets/ASVspoof5_partitions/audio_data/spoofed/E_0005660821.flac,watermarked_audios/audioseal/spoofed/E_0005660821_watermarked.flac,0.3253781795501709,0.20695044100284576
audioseal,spoofed,E_0002687729,datasets/ASVspoof5_partitions/audio_data/spoofed/E_0002687729.flac,watermarked_audios/audioseal/spoofed/E_0002687729_watermarked.flac,0.35298269987106323,0.2505255341529846
audioseal,spoofed,E_0004038216,datasets/ASVspoof5_partitions/audio_data/spoofed/E_0004038216.flac,watermarked_audios/audioseal/spoofed/E_0004038216_watermarked.flac,0.3355199992656708,0.21132512390613556
audioseal,spoofed,E_0005222211,datasets/ASVspoof5_partitions/audio_data/spoofed/E_0005222211.flac,watermarked_audios/audioseal/spoofed/E_0005222211_watermarked.flac,0.37246212363243103,0.25305241346359253
audioseal,spoofed,E_0001908780,datasets/ASVspoof5_partitions/audio_data/spoofed/E_0001908780.flac,watermarked_audios/audioseal/spoofed/E_0001908780_watermarked.flac,0.29471153020858765,0.20523780584335327
audioseal,spoofed,E_0002833565,datasets/ASVspoof5_partitions/audio_data/spoofed/E_0002833565.flac,watermarked_audios/audioseal/spoofed/E_0002833565_watermarked.flac,0.3360748887062073,0.22677834331989288
audioseal,spoofed,E_0006760490,datasets/ASVspoof5_partitions/audio_data/spoofed/E_0006760490.flac,watermarked_audios/audioseal/spoofed/E_0006760490_watermarked.flac,0.34950801730155945,0.24693666398525238
audioseal,spoofed,E_0003508554,datasets/ASVspoof5_partitions/audio_data/spoofed/E_0003508554.flac,watermarked_audios/audioseal/spoofed/E_0003508554_watermarked.flac,0.376865416765213,0.2500406801700592
audioseal,spoofed,E_0000443885,datasets/ASVspoof5_partitions/audio_data/spoofed/E_0000443885.flac,watermarked_audios/audioseal/spoofed/E_0000443885_watermarked.flac,0.3447325825691223,0.24440449476242065
audioseal,spoofed,E_0003895154,datasets/ASVspoof5_partitions/audio_data/spoofed/E_0003895154.flac,watermarked_audios/audioseal/spoofed/E_0003895154_watermarked.flac,0.2686794400215149,0.177893728017807
audioseal,spoofed,E_0008254680,datasets/ASVspoof5_partitions/audio_data/spoofed/E_0008254680.flac,watermarked_audios/audioseal/spoofed/E_0008254680_watermarked.flac,0.33339375257492065,0.22214631736278534
audioseal,spoofed,E_0008951092,datasets/ASVspoof5_partitions/audio_data/spoofed/E_0008951092.flac,watermarked_audios/audioseal/spoofed/E_0008951092_watermarked.flac,0.34010380506515503,0.23480984568595886
audioseal,spoofed,E_0005582328,datasets/ASVspoof5_partitions/audio_data/spoofed/E_0005582328.flac,watermarked_audios/audioseal/spoofed/E_0005582328_watermarked.flac,0.3370552361011505,0.24444334208965302
audioseal,spoofed,E_0007232647,datasets/ASVspoof5_partitions/audio_data/spoofed/E_0007232647.flac,watermarked_audios/audioseal/spoofed/E_0007232647_watermarked.flac,0.46369147300720215,0.28930899500846863
audioseal,spoofed,E_0007461642,datasets/ASVspoof5_partitions/audio_data/spoofed/E_0007461642.flac,watermarked_audios/audioseal/spoofed/E_0007461642_watermarked.flac,0.32148319482803345,0.2086760252714157
audioseal,spoofed,E_0001178823,datasets/ASVspoof5_partitions/audio_data/spoofed/E_0001178823.flac,watermarked_audios/audioseal/spoofed/E_0001178823_watermarked.flac,0.39689117670059204,0.25320717692375183
audioseal,spoofed,E_0004552234,datasets/ASVspoof5_partitions/audio_data/spoofed/E_0004552234.flac,watermarked_audios/audioseal/spoofed/E_0004552234_watermarked.flac,0.3117385506629944,0.21168692409992218
audioseal,spoofed,E_0001293097,datasets/ASVspoof5_partitions/audio_data/spoofed/E_0001293097.flac,watermarked_audios/audioseal/spoofed/E_0001293097_watermarked.flac,0.35672900080680847,0.2367541790008545
audioseal,spoofed,E_0002612888,datasets/ASVspoof5_partitions/audio_data/spoofed/E_0002612888.flac,watermarked_audios/audioseal/spoofed/E_0002612888_watermarked.flac,0.4188461899757385,0.2966868579387665
audioseal,spoofed,E_0005960350,datasets/ASVspoof5_partitions/audio_data/spoofed/E_0005960350.flac,watermarked_audios/audioseal/spoofed/E_0005960350_watermarked.flac,0.3553033173084259,0.2074260711669922
audioseal,spoofed,E_0005626349,datasets/ASVspoof5_partitions/audio_data/spoofed/E_0005626349.flac,watermarked_audios/audioseal/spoofed/E_0005626349_watermarked.flac,0.36202073097229004,0.2258022129535675
wavmark,bonafide,E_0004056257,datasets/ASVspoof5_partitions/audio_data/bonafide/E_0004056257.flac,watermarked_audios/wavmark/bonafide/E_0004056257_watermarked.flac,1.0637589693069458,1.7834802865982056
wavmark,bonafide,E_0003386003,datasets/ASVspoof5_partitions/audio_data/bonafide/E_0003386003.flac,watermarked_audios/wavmark/bonafide/E_0003386003_watermarked.flac,1.4066879749298096,2.018399238586426
wavmark,bonafide,E_0000736300,datasets/ASVspoof5_partitions/audio_data/bonafide/E_0000736300.flac,watermarked_audios/wavmark/bonafide/E_0000736300_watermarked.flac,1.4044501781463623,2.219992160797119
wavmark,bonafide,E_0009191360,datasets/ASVspoof5_partitions/audio_data/bonafide/E_0009191360.flac,watermarked_audios/wavmark/bonafide/E_0009191360_watermarked.flac,0.9428171515464783,1.237481713294983
wavmark,bonafide,E_0001255274,datasets/ASVspoof5_partitions/audio_data/bonafide/E_0001255274.flac,watermarked_audios/wavmark/bonafide/E_0001255274_watermarked.flac,1.4478697776794434,1.4709042310714722
wavmark,bonafide,E_0000485164,datasets/ASVspoof5_partitions/audio_data/bonafide/E_0000485164.flac,watermarked_audios/wavmark/bonafide/E_0000485164_watermarked.flac,1.192078709602356,1.5805400609970093
wavmark,bonafide,E_0004395059,datasets/ASVspoof5_partitions/audio_data/bonafide/E_0004395059.flac,watermarked_audios/wavmark/bonafide/E_0004395059_watermarked.flac,1.7893774509429932,2.208301305770874
wavmark,bonafide,E_0007758447,datasets/ASVspoof5_partitions/audio_data/bonafide/E_0007758447.flac,watermarked_audios/wavmark/bonafide/E_0007758447_watermarked.flac,1.197527527809143,1.5018348693847656
wavmark,bonafide,E_0006572936,datasets/ASVspoof5_partitions/audio_data/bonafide/E_0006572936.flac,watermarked_audios/wavmark/bonafide/E_0006572936_watermarked.flac,1.0824309587478638,1.609220027923584
wavmark,bonafide,E_0009644713,datasets/ASVspoof5_partitions/audio_data/bonafide/E_0009644713.flac,watermarked_audios/wavmark/bonafide/E_0009644713_watermarked.flac,1.6750715970993042,2.074003219604492
wavmark,bonafide,E_0000551472,datasets/ASVspoof5_partitions/audio_data/bonafide/E_0000551472.flac,watermarked_audios/wavmark/bonafide/E_0000551472_watermarked.flac,1.1172972917556763,1.5841399431228638
wavmark,bonafide,E_0007226810,datasets/ASVspoof5_partitions/audio_data/bonafide/E_0007226810.flac,watermarked_audios/wavmark/bonafide/E_0007226810_watermarked.flac,1.3703317642211914,1.5680184364318848
wavmark,bonafide,E_0005768825,datasets/ASVspoof5_partitions/audio_data/bonafide/E_0005768825.flac,watermarked_audios/wavmark/bonafide/E_0005768825_watermarked.flac,1.3289191722869873,2.597073554992676
wavmark,bonafide,E_0001164835,datasets/ASVspoof5_partitions/audio_data/bonafide/E_0001164835.flac,watermarked_audios/wavmark/bonafide/E_0001164835_watermarked.flac,1.0688844919204712,1.8667254447937012
wavmark,bonafide,E_0003250772,datasets/ASVspoof5_partitions/audio_data/bonafide/E_0003250772.flac,watermarked_audios/wavmark/bonafide/E_0003250772_watermarked.flac,1.110346794128418,1.1228026151657104
wavmark,bonafide,E_0004271474,datasets/ASVspoof5_partitions/audio_data/bonafide/E_0004271474.flac,watermarked_audios/wavmark/bonafide/E_0004271474_watermarked.flac,1.7619261741638184,1.7734155654907227
wavmark,bonafide,E_0009752194,datasets/ASVspoof5_partitions/audio_data/bonafide/E_0009752194.flac,watermarked_audios/wavmark/bonafide/E_0009752194_watermarked.flac,1.6846423149108887,2.247504472732544
wavmark,bonafide,E_0002072198,datasets/ASVspoof5_partitions/audio_data/bonafide/E_0002072198.flac,watermarked_audios/wavmark/bonafide/E_0002072198_watermarked.flac,1.3523234128952026,2.015535831451416
wavmark,bonafide,E_0004152212,datasets/ASVspoof5_partitions/audio_data/bonafide/E_0004152212.flac,watermarked_audios/wavmark/bonafide/E_0004152212_watermarked.flac,1.3099783658981323,1.4286251068115234
wavmark,bonafide,E_0007689277,datasets/ASVspoof5_partitions/audio_data/bonafide/E_0007689277.flac,watermarked_audios/wavmark/bonafide/E_0007689277_watermarked.flac,1.0455291271209717,1.3920891284942627
wavmark,bonafide,E_0009641835,datasets/ASVspoof5_partitions/audio_data/bonafide/E_0009641835.flac,watermarked_audios/wavmark/bonafide/E_0009641835_watermarked.flac,1.2530066967010498,2.301523208618164
wavmark,bonafide,E_0005073239,datasets/ASVspoof5_partitions/audio_data/bonafide/E_0005073239.flac,watermarked_audios/wavmark/bonafide/E_0005073239_watermarked.flac,0.8779497146606445,1.5527807474136353
wavmark,bonafide,E_0002159850,datasets/ASVspoof5_partitions/audio_data/bonafide/E_0002159850.flac,watermarked_audios/wavmark/bonafide/E_0002159850_watermarked.flac,1.2366036176681519,1.1778690814971924
wavmark,bonafide,E_0001317040,datasets/ASVspoof5_partitions/audio_data/bonafide/E_0001317040.flac,watermarked_audios/wavmark/bonafide/E_0001317040_watermarked.flac,1.3729894161224365,1.2863833904266357
wavmark,bonafide,E_0009616813,datasets/ASVspoof5_partitions/audio_data/bonafide/E_0009616813.flac,watermarked_audios/wavmark/bonafide/E_0009616813_watermarked.flac,1.1694961786270142,1.8690860271453857
wavmark,bonafide,E_0009571582,datasets/ASVspoof5_partitions/audio_data/bonafide/E_0009571582.flac,watermarked_audios/wavmark/bonafide/E_0009571582_watermarked.flac,1.484222650527954,1.6596571207046509
wavmark,bonafide,E_0000077580,datasets/ASVspoof5_partitions/audio_data/bonafide/E_0000077580.flac,watermarked_audios/wavmark/bonafide/E_0000077580_watermarked.flac,1.709736943244934,2.181525707244873
wavmark,bonafide,E_0000786443,datasets/ASVspoof5_partitions/audio_data/bonafide/E_0000786443.flac,watermarked_audios/wavmark/bonafide/E_0000786443_watermarked.flac,0.8752867579460144,1.0904704332351685
wavmark,bonafide,E_0003422207,datasets/ASVspoof5_partitions/audio_data/bonafide/E_0003422207.flac,watermarked_audios/wavmark/bonafide/E_0003422207_watermarked.flac,1.2990487813949585,1.8310344219207764
wavmark,bonafide,E_0003451380,datasets/ASVspoof5_partitions/audio_data/bonafide/E_0003451380.flac,watermarked_audios/wavmark/bonafide/E_0003451380_watermarked.flac,0.8929634690284729,1.4060137271881104
wavmark,bonafide,E_0002863972,datasets/ASVspoof5_partitions/audio_data/bonafide/E_0002863972.flac,watermarked_audios/wavmark/bonafide/E_0002863972_watermarked.flac,0.4642198979854584,1.3067066669464111
wavmark,bonafide,E_0006307163,datasets/ASVspoof5_partitions/audio_data/bonafide/E_0006307163.flac,watermarked_audios/wavmark/bonafide/E_0006307163_watermarked.flac,1.9480335712432861,2.2854883670806885
wavmark,bonafide,E_0001521738,datasets/ASVspoof5_partitions/audio_data/bonafide/E_0001521738.flac,watermarked_audios/wavmark/bonafide/E_0001521738_watermarked.flac,0.8080865740776062,1.277018427848816
wavmark,bonafide,E_0009974600,datasets/ASVspoof5_partitions/audio_data/bonafide/E_0009974600.flac,watermarked_audios/wavmark/bonafide/E_0009974600_watermarked.flac,2.1367242336273193,2.531184196472168
wavmark,bonafide,E_0008191312,datasets/ASVspoof5_partitions/audio_data/bonafide/E_0008191312.flac,watermarked_audios/wavmark/bonafide/E_0008191312_watermarked.flac,0.7885504364967346,1.4017084836959839
wavmark,bonafide,E_0000791113,datasets/ASVspoof5_partitions/audio_data/bonafide/E_0000791113.flac,watermarked_audios/wavmark/bonafide/E_0000791113_watermarked.flac,0.891262412071228,1.2064242362976074
wavmark,bonafide,E_0008481977,datasets/ASVspoof5_partitions/audio_data/bonafide/E_0008481977.flac,watermarked_audios/wavmark/bonafide/E_0008481977_watermarked.flac,1.522316575050354,1.8385496139526367
wavmark,bonafide,E_0004332877,datasets/ASVspoof5_partitions/audio_data/bonafide/E_0004332877.flac,watermarked_audios/wavmark/bonafide/E_0004332877_watermarked.flac,1.4945929050445557,1.7392237186431885
wavmark,bonafide,E_0006549692,datasets/ASVspoof5_partitions/audio_data/bonafide/E_0006549692.flac,watermarked_audios/wavmark/bonafide/E_0006549692_watermarked.flac,0.9931046962738037,1.7371606826782227
wavmark,bonafide,E_0005838984,datasets/ASVspoof5_partitions/audio_data/bonafide/E_0005838984.flac,watermarked_audios/wavmark/bonafide/E_0005838984_watermarked.flac,0.9971390962600708,1.3831182718276978
wavmark,bonafide,E_0009960316,datasets/ASVspoof5_partitions/audio_data/bonafide/E_0009960316.flac,watermarked_audios/wavmark/bonafide/E_0009960316_watermarked.flac,0.47753241658210754,1.152850866317749
wavmark,bonafide,E_0004799770,datasets/ASVspoof5_partitions/audio_data/bonafide/E_0004799770.flac,watermarked_audios/wavmark/bonafide/E_0004799770_watermarked.flac,1.2519289255142212,2.333996057510376
wavmark,bonafide,E_0006035457,datasets/ASVspoof5_partitions/audio_data/bonafide/E_0006035457.flac,watermarked_audios/wavmark/bonafide/E_0006035457_watermarked.flac,1.7642662525177002,2.22568416595459
wavmark,bonafide,E_0004237385,datasets/ASVspoof5_partitions/audio_data/bonafide/E_0004237385.flac,watermarked_audios/wavmark/bonafide/E_0004237385_watermarked.flac,1.935125708580017,1.670621395111084
wavmark,bonafide,E_0009138551,datasets/ASVspoof5_partitions/audio_data/bonafide/E_0009138551.flac,watermarked_audios/wavmark/bonafide/E_0009138551_watermarked.flac,1.2074878215789795,1.5276541709899902
wavmark,bonafide,E_0005439429,datasets/ASVspoof5_partitions/audio_data/bonafide/E_0005439429.flac,watermarked_audios/wavmark/bonafide/E_0005439429_watermarked.flac,1.6989240646362305,1.7317650318145752
wavmark,bonafide,E_0009596680,datasets/ASVspoof5_partitions/audio_data/bonafide/E_0009596680.flac,watermarked_audios/wavmark/bonafide/E_0009596680_watermarked.flac,1.1738262176513672,1.3842684030532837
wavmark,bonafide,E_0008707522,datasets/ASVspoof5_partitions/audio_data/bonafide/E_0008707522.flac,watermarked_audios/wavmark/bonafide/E_0008707522_watermarked.flac,1.0250253677368164,1.721218228340149
wavmark,bonafide,E_0002534133,datasets/ASVspoof5_partitions/audio_data/bonafide/E_0002534133.flac,watermarked_audios/wavmark/bonafide/E_0002534133_watermarked.flac,1.1678168773651123,1.6913713216781616
wavmark,bonafide,E_0005646317,datasets/ASVspoof5_partitions/audio_data/bonafide/E_0005646317.flac,watermarked_audios/wavmark/bonafide/E_0005646317_watermarked.flac,1.8398295640945435,2.386721611022949
wavmark,bonafide,E_0006331990,datasets/ASVspoof5_partitions/audio_data/bonafide/E_0006331990.flac,watermarked_audios/wavmark/bonafide/E_0006331990_watermarked.flac,1.309239387512207,1.4247363805770874
wavmark,bonafide,E_0000735976,datasets/ASVspoof5_partitions/audio_data/bonafide/E_0000735976.flac,watermarked_audios/wavmark/bonafide/E_0000735976_watermarked.flac,1.3830398321151733,1.933815598487854
wavmark,bonafide,E_0005335968,datasets/ASVspoof5_partitions/audio_data/bonafide/E_0005335968.flac,watermarked_audios/wavmark/bonafide/E_0005335968_watermarked.flac,1.3315119743347168,1.935850977897644
wavmark,bonafide,E_0007815696,datasets/ASVspoof5_partitions/audio_data/bonafide/E_0007815696.flac,watermarked_audios/wavmark/bonafide/E_0007815696_watermarked.flac,0.9049242734909058,1.5641472339630127
wavmark,bonafide,E_0007501909,datasets/ASVspoof5_partitions/audio_data/bonafide/E_0007501909.flac,watermarked_audios/wavmark/bonafide/E_0007501909_watermarked.flac,0.8778203129768372,0.9197044372558594
wavmark,bonafide,E_0004687768,datasets/ASVspoof5_partitions/audio_data/bonafide/E_0004687768.flac,watermarked_audios/wavmark/bonafide/E_0004687768_watermarked.flac,1.74708890914917,1.8637477159500122
wavmark,bonafide,E_0007707528,datasets/ASVspoof5_partitions/audio_data/bonafide/E_0007707528.flac,watermarked_audios/wavmark/bonafide/E_0007707528_watermarked.flac,1.4468598365783691,1.552004337310791
wavmark,bonafide,E_0003669179,datasets/ASVspoof5_partitions/audio_data/bonafide/E_0003669179.flac,watermarked_audios/wavmark/bonafide/E_0003669179_watermarked.flac,0.9993662238121033,1.7163399457931519
wavmark,bonafide,E_0002859244,datasets/ASVspoof5_partitions/audio_data/bonafide/E_0002859244.flac,watermarked_audios/wavmark/bonafide/E_0002859244_watermarked.flac,1.0213481187820435,1.3556911945343018
wavmark,bonafide,E_0008512319,datasets/ASVspoof5_partitions/audio_data/bonafide/E_0008512319.flac,watermarked_audios/wavmark/bonafide/E_0008512319_watermarked.flac,1.2684017419815063,2.320037603378296
wavmark,bonafide,E_0003800280,datasets/ASVspoof5_partitions/audio_data/bonafide/E_0003800280.flac,watermarked_audios/wavmark/bonafide/E_0003800280_watermarked.flac,1.1395565271377563,1.1938751935958862
wavmark,bonafide,E_0005904455,datasets/ASVspoof5_partitions/audio_data/bonafide/E_0005904455.flac,watermarked_audios/wavmark/bonafide/E_0005904455_watermarked.flac,1.2177801132202148,2.1065456867218018
wavmark,bonafide,E_0000277012,datasets/ASVspoof5_partitions/audio_data/bonafide/E_0000277012.flac,watermarked_audios/wavmark/bonafide/E_0000277012_watermarked.flac,0.8649578094482422,1.2682313919067383
wavmark,bonafide,E_0005532275,datasets/ASVspoof5_partitions/audio_data/bonafide/E_0005532275.flac,watermarked_audios/wavmark/bonafide/E_0005532275_watermarked.flac,1.1110167503356934,1.8781038522720337
wavmark,bonafide,E_0007345676,datasets/ASVspoof5_partitions/audio_data/bonafide/E_0007345676.flac,watermarked_audios/wavmark/bonafide/E_0007345676_watermarked.flac,1.5966570377349854,2.308230400085449
wavmark,bonafide,E_0003093582,datasets/ASVspoof5_partitions/audio_data/bonafide/E_0003093582.flac,watermarked_audios/wavmark/bonafide/E_0003093582_watermarked.flac,1.5075433254241943,1.8739172220230103
wavmark,bonafide,E_0007401217,datasets/ASVspoof5_partitions/audio_data/bonafide/E_0007401217.flac,watermarked_audios/wavmark/bonafide/E_0007401217_watermarked.flac,1.2429304122924805,2.15148663520813
wavmark,bonafide,E_0008715769,datasets/ASVspoof5_partitions/audio_data/bonafide/E_0008715769.flac,watermarked_audios/wavmark/bonafide/E_0008715769_watermarked.flac,1.019468903541565,1.9310622215270996
wavmark,bonafide,E_0008544902,datasets/ASVspoof5_partitions/audio_data/bonafide/E_0008544902.flac,watermarked_audios/wavmark/bonafide/E_0008544902_watermarked.flac,0.7945246696472168,1.0778417587280273
wavmark,bonafide,E_0001436097,datasets/ASVspoof5_partitions/audio_data/bonafide/E_0001436097.flac,watermarked_audios/wavmark/bonafide/E_0001436097_watermarked.flac,1.5374507904052734,2.282163381576538
wavmark,bonafide,E_0007476941,datasets/ASVspoof5_partitions/audio_data/bonafide/E_0007476941.flac,watermarked_audios/wavmark/bonafide/E_0007476941_watermarked.flac,0.9210159182548523,1.5530122518539429
wavmark,bonafide,E_0006967861,datasets/ASVspoof5_partitions/audio_data/bonafide/E_0006967861.flac,watermarked_audios/wavmark/bonafide/E_0006967861_watermarked.flac,0.6910454630851746,1.1150387525558472
wavmark,bonafide,E_0006568546,datasets/ASVspoof5_partitions/audio_data/bonafide/E_0006568546.flac,watermarked_audios/wavmark/bonafide/E_0006568546_watermarked.flac,1.6260507106781006,1.8066744804382324
wavmark,bonafide,E_0004539933,datasets/ASVspoof5_partitions/audio_data/bonafide/E_0004539933.flac,watermarked_audios/wavmark/bonafide/E_0004539933_watermarked.flac,1.2463736534118652,1.618980884552002
wavmark,bonafide,E_0006633663,datasets/ASVspoof5_partitions/audio_data/bonafide/E_0006633663.flac,watermarked_audios/wavmark/bonafide/E_0006633663_watermarked.flac,1.0544354915618896,1.3594777584075928
wavmark,bonafide,E_0009568160,datasets/ASVspoof5_partitions/audio_data/bonafide/E_0009568160.flac,watermarked_audios/wavmark/bonafide/E_0009568160_watermarked.flac,0.9678568840026855,1.4468637704849243
wavmark,bonafide,E_0008572179,datasets/ASVspoof5_partitions/audio_data/bonafide/E_0008572179.flac,watermarked_audios/wavmark/bonafide/E_0008572179_watermarked.flac,0.5630220770835876,1.1327415704727173
wavmark,bonafide,E_0000891828,datasets/ASVspoof5_partitions/audio_data/bonafide/E_0000891828.flac,watermarked_audios/wavmark/bonafide/E_0000891828_watermarked.flac,1.4036227464675903,2.0226552486419678
wavmark,bonafide,E_0001292524,datasets/ASVspoof5_partitions/audio_data/bonafide/E_0001292524.flac,watermarked_audios/wavmark/bonafide/E_0001292524_watermarked.flac,1.2220664024353027,1.6682651042938232
wavmark,bonafide,E_0006486824,datasets/ASVspoof5_partitions/audio_data/bonafide/E_0006486824.flac,watermarked_audios/wavmark/bonafide/E_0006486824_watermarked.flac,1.3535737991333008,1.2842450141906738
wavmark,bonafide,E_0002915842,datasets/ASVspoof5_partitions/audio_data/bonafide/E_0002915842.flac,watermarked_audios/wavmark/bonafide/E_0002915842_watermarked.flac,1.1396735906600952,1.375409722328186
wavmark,bonafide,E_0007124632,datasets/ASVspoof5_partitions/audio_data/bonafide/E_0007124632.flac,watermarked_audios/wavmark/bonafide/E_0007124632_watermarked.flac,0.6168810129165649,1.2094353437423706
wavmark,bonafide,E_0003899938,datasets/ASVspoof5_partitions/audio_data/bonafide/E_0003899938.flac,watermarked_audios/wavmark/bonafide/E_0003899938_watermarked.flac,1.7834587097167969,1.8610930442810059
wavmark,bonafide,E_0002912954,datasets/ASVspoof5_partitions/audio_data/bonafide/E_0002912954.flac,watermarked_audios/wavmark/bonafide/E_0002912954_watermarked.flac,1.5246829986572266,1.5756841897964478
wavmark,bonafide,E_0006252764,datasets/ASVspoof5_partitions/audio_data/bonafide/E_0006252764.flac,watermarked_audios/wavmark/bonafide/E_0006252764_watermarked.flac,1.1957072019577026,2.063925266265869
wavmark,bonafide,E_0002144931,datasets/ASVspoof5_partitions/audio_data/bonafide/E_0002144931.flac,watermarked_audios/wavmark/bonafide/E_0002144931_watermarked.flac,1.1128000020980835,1.5510963201522827
wavmark,bonafide,E_0006383524,datasets/ASVspoof5_partitions/audio_data/bonafide/E_0006383524.flac,watermarked_audios/wavmark/bonafide/E_0006383524_watermarked.flac,1.0845823287963867,1.8386600017547607
wavmark,bonafide,E_0006117356,datasets/ASVspoof5_partitions/audio_data/bonafide/E_0006117356.flac,watermarked_audios/wavmark/bonafide/E_0006117356_watermarked.flac,1.1669502258300781,1.8927124738693237
wavmark,bonafide,E_0007778192,datasets/ASVspoof5_partitions/audio_data/bonafide/E_0007778192.flac,watermarked_audios/wavmark/bonafide/E_0007778192_watermarked.flac,1.2553093433380127,1.8333520889282227
wavmark,bonafide,E_0004467207,datasets/ASVspoof5_partitions/audio_data/bonafide/E_0004467207.flac,watermarked_audios/wavmark/bonafide/E_0004467207_watermarked.flac,1.5410479307174683,1.7556401491165161
wavmark,bonafide,E_0007482419,datasets/ASVspoof5_partitions/audio_data/bonafide/E_0007482419.flac,watermarked_audios/wavmark/bonafide/E_0007482419_watermarked.flac,2.1946873664855957,2.064847230911255
wavmark,bonafide,E_0002243055,datasets/ASVspoof5_partitions/audio_data/bonafide/E_0002243055.flac,watermarked_audios/wavmark/bonafide/E_0002243055_watermarked.flac,1.5018608570098877,2.3581576347351074
wavmark,bonafide,E_0009409434,datasets/ASVspoof5_partitions/audio_data/bonafide/E_0009409434.flac,watermarked_audios/wavmark/bonafide/E_0009409434_watermarked.flac,0.4945441484451294,0.8743166923522949
wavmark,bonafide,E_0003814591,datasets/ASVspoof5_partitions/audio_data/bonafide/E_0003814591.flac,watermarked_audios/wavmark/bonafide/E_0003814591_watermarked.flac,1.0706063508987427,1.595206618309021
wavmark,bonafide,E_0002018664,datasets/ASVspoof5_partitions/audio_data/bonafide/E_0002018664.flac,watermarked_audios/wavmark/bonafide/E_0002018664_watermarked.flac,1.6374269723892212,1.8981664180755615
wavmark,bonafide,E_0008530594,datasets/ASVspoof5_partitions/audio_data/bonafide/E_0008530594.flac,watermarked_audios/wavmark/bonafide/E_0008530594_watermarked.flac,1.5732026100158691,2.1390562057495117
wavmark,bonafide,E_0007123817,datasets/ASVspoof5_partitions/audio_data/bonafide/E_0007123817.flac,watermarked_audios/wavmark/bonafide/E_0007123817_watermarked.flac,1.5951632261276245,1.5036022663116455
wavmark,bonafide,E_0003937243,datasets/ASVspoof5_partitions/audio_data/bonafide/E_0003937243.flac,watermarked_audios/wavmark/bonafide/E_0003937243_watermarked.flac,1.0465822219848633,1.027165412902832
wavmark,bonafide,E_0005639152,datasets/ASVspoof5_partitions/audio_data/bonafide/E_0005639152.flac,watermarked_audios/wavmark/bonafide/E_0005639152_watermarked.flac,0.876653254032135,1.124862551689148
wavmark,bonafide,E_0001316732,datasets/ASVspoof5_partitions/audio_data/bonafide/E_0001316732.flac,watermarked_audios/wavmark/bonafide/E_0001316732_watermarked.flac,1.7922929525375366,2.338689088821411
wavmark,bonafide,E_0003705828,datasets/ASVspoof5_partitions/audio_data/bonafide/E_0003705828.flac,watermarked_audios/wavmark/bonafide/E_0003705828_watermarked.flac,1.89640212059021,2.317487955093384
wavmark,bonafide,E_0009811203,datasets/ASVspoof5_partitions/audio_data/bonafide/E_0009811203.flac,watermarked_audios/wavmark/bonafide/E_0009811203_watermarked.flac,1.0093616247177124,1.5467312335968018
wavmark,bonafide,E_0003864715,datasets/ASVspoof5_partitions/audio_data/bonafide/E_0003864715.flac,watermarked_audios/wavmark/bonafide/E_0003864715_watermarked.flac,0.9694778323173523,1.5203559398651123
wavmark,bonafide,E_0007665319,datasets/ASVspoof5_partitions/audio_data/bonafide/E_0007665319.flac,watermarked_audios/wavmark/bonafide/E_0007665319_watermarked.flac,0.9967222809791565,1.1415200233459473
wavmark,bonafide,E_0006801696,datasets/ASVspoof5_partitions/audio_data/bonafide/E_0006801696.flac,watermarked_audios/wavmark/bonafide/E_0006801696_watermarked.flac,1.361812710762024,1.9624154567718506
wavmark,bonafide,E_0000684645,datasets/ASVspoof5_partitions/audio_data/bonafide/E_0000684645.flac,watermarked_audios/wavmark/bonafide/E_0000684645_watermarked.flac,1.190308690071106,1.47889244556427
wavmark,bonafide,E_0003245853,datasets/ASVspoof5_partitions/audio_data/bonafide/E_0003245853.flac,watermarked_audios/wavmark/bonafide/E_0003245853_watermarked.flac,1.0333853960037231,2.0726611614227295
wavmark,bonafide,E_0004837668,datasets/ASVspoof5_partitions/audio_data/bonafide/E_0004837668.flac,watermarked_audios/wavmark/bonafide/E_0004837668_watermarked.flac,1.117330551147461,1.4278943538665771
wavmark,bonafide,E_0004912869,datasets/ASVspoof5_partitions/audio_data/bonafide/E_0004912869.flac,watermarked_audios/wavmark/bonafide/E_0004912869_watermarked.flac,0.9125182032585144,1.4237515926361084
wavmark,bonafide,E_0002276859,datasets/ASVspoof5_partitions/audio_data/bonafide/E_0002276859.flac,watermarked_audios/wavmark/bonafide/E_0002276859_watermarked.flac,2.0107269287109375,1.896479845046997
wavmark,bonafide,E_0007728797,datasets/ASVspoof5_partitions/audio_data/bonafide/E_0007728797.flac,watermarked_audios/wavmark/bonafide/E_0007728797_watermarked.flac,1.3246263265609741,1.5331796407699585
wavmark,bonafide,E_0007849280,datasets/ASVspoof5_partitions/audio_data/bonafide/E_0007849280.flac,watermarked_audios/wavmark/bonafide/E_0007849280_watermarked.flac,0.5409267544746399,1.4032081365585327
wavmark,bonafide,E_0000430642,datasets/ASVspoof5_partitions/audio_data/bonafide/E_0000430642.flac,watermarked_audios/wavmark/bonafide/E_0000430642_watermarked.flac,1.3787195682525635,1.780548095703125
wavmark,bonafide,E_0006839596,datasets/ASVspoof5_partitions/audio_data/bonafide/E_0006839596.flac,watermarked_audios/wavmark/bonafide/E_0006839596_watermarked.flac,1.181165099143982,1.424024224281311
wavmark,bonafide,E_0000627064,datasets/ASVspoof5_partitions/audio_data/bonafide/E_0000627064.flac,watermarked_audios/wavmark/bonafide/E_0000627064_watermarked.flac,1.339517593383789,1.594640851020813
wavmark,bonafide,E_0000957163,datasets/ASVspoof5_partitions/audio_data/bonafide/E_0000957163.flac,watermarked_audios/wavmark/bonafide/E_0000957163_watermarked.flac,1.1639699935913086,1.8701307773590088
wavmark,bonafide,E_0007905120,datasets/ASVspoof5_partitions/audio_data/bonafide/E_0007905120.flac,watermarked_audios/wavmark/bonafide/E_0007905120_watermarked.flac,1.5464978218078613,2.1861140727996826
wavmark,bonafide,E_0007639374,datasets/ASVspoof5_partitions/audio_data/bonafide/E_0007639374.flac,watermarked_audios/wavmark/bonafide/E_0007639374_watermarked.flac,1.2019422054290771,1.5834428071975708
wavmark,bonafide,E_0006493105,datasets/ASVspoof5_partitions/audio_data/bonafide/E_0006493105.flac,watermarked_audios/wavmark/bonafide/E_0006493105_watermarked.flac,1.2865842580795288,1.5354472398757935
wavmark,bonafide,E_0001269259,datasets/ASVspoof5_partitions/audio_data/bonafide/E_0001269259.flac,watermarked_audios/wavmark/bonafide/E_0001269259_watermarked.flac,1.877616047859192,2.1834564208984375
wavmark,bonafide,E_0005506690,datasets/ASVspoof5_partitions/audio_data/bonafide/E_0005506690.flac,watermarked_audios/wavmark/bonafide/E_0005506690_watermarked.flac,1.674350380897522,2.1175482273101807
wavmark,bonafide,E_0009189716,datasets/ASVspoof5_partitions/audio_data/bonafide/E_0009189716.flac,watermarked_audios/wavmark/bonafide/E_0009189716_watermarked.flac,1.3626887798309326,1.8477004766464233
wavmark,bonafide,E_0003114464,datasets/ASVspoof5_partitions/audio_data/bonafide/E_0003114464.flac,watermarked_audios/wavmark/bonafide/E_0003114464_watermarked.flac,1.2544642686843872,2.0464961528778076
wavmark,bonafide,E_0001920630,datasets/ASVspoof5_partitions/audio_data/bonafide/E_0001920630.flac,watermarked_audios/wavmark/bonafide/E_0001920630_watermarked.flac,0.8910784125328064,1.497339129447937
wavmark,bonafide,E_0001443220,datasets/ASVspoof5_partitions/audio_data/bonafide/E_0001443220.flac,watermarked_audios/wavmark/bonafide/E_0001443220_watermarked.flac,1.3053675889968872,1.5472602844238281
wavmark,bonafide,E_0004040465,datasets/ASVspoof5_partitions/audio_data/bonafide/E_0004040465.flac,watermarked_audios/wavmark/bonafide/E_0004040465_watermarked.flac,1.2085750102996826,1.7825175523757935
wavmark,bonafide,E_0007728666,datasets/ASVspoof5_partitions/audio_data/bonafide/E_0007728666.flac,watermarked_audios/wavmark/bonafide/E_0007728666_watermarked.flac,1.6810275316238403,2.2823657989501953
wavmark,bonafide,E_0008626619,datasets/ASVspoof5_partitions/audio_data/bonafide/E_0008626619.flac,watermarked_audios/wavmark/bonafide/E_0008626619_watermarked.flac,1.0969704389572144,1.6400946378707886
wavmark,bonafide,E_0006199198,datasets/ASVspoof5_partitions/audio_data/bonafide/E_0006199198.flac,watermarked_audios/wavmark/bonafide/E_0006199198_watermarked.flac,1.1912376880645752,1.6951888799667358
wavmark,bonafide,E_0007214881,datasets/ASVspoof5_partitions/audio_data/bonafide/E_0007214881.flac,watermarked_audios/wavmark/bonafide/E_0007214881_watermarked.flac,1.6028703451156616,1.7831430435180664
wavmark,bonafide,E_0007526735,datasets/ASVspoof5_partitions/audio_data/bonafide/E_0007526735.flac,watermarked_audios/wavmark/bonafide/E_0007526735_watermarked.flac,0.7318904995918274,1.631849765777588
wavmark,bonafide,E_0004199501,datasets/ASVspoof5_partitions/audio_data/bonafide/E_0004199501.flac,watermarked_audios/wavmark/bonafide/E_0004199501_watermarked.flac,1.6185842752456665,1.796681523323059
wavmark,bonafide,E_0000257343,datasets/ASVspoof5_partitions/audio_data/bonafide/E_0000257343.flac,watermarked_audios/wavmark/bonafide/E_0000257343_watermarked.flac,1.3801040649414062,1.9330421686172485
wavmark,bonafide,E_0003175356,datasets/ASVspoof5_partitions/audio_data/bonafide/E_0003175356.flac,watermarked_audios/wavmark/bonafide/E_0003175356_watermarked.flac,1.6671760082244873,1.8052785396575928
wavmark,bonafide,E_0000657716,datasets/ASVspoof5_partitions/audio_data/bonafide/E_0000657716.flac,watermarked_audios/wavmark/bonafide/E_0000657716_watermarked.flac,1.5535231828689575,1.6029034852981567
wavmark,bonafide,E_0004036220,datasets/ASVspoof5_partitions/audio_data/bonafide/E_0004036220.flac,watermarked_audios/wavmark/bonafide/E_0004036220_watermarked.flac,1.2871315479278564,1.138875126838684
wavmark,bonafide,E_0006971268,datasets/ASVspoof5_partitions/audio_data/bonafide/E_0006971268.flac,watermarked_audios/wavmark/bonafide/E_0006971268_watermarked.flac,1.3960074186325073,1.4623160362243652
wavmark,bonafide,E_0007753686,datasets/ASVspoof5_partitions/audio_data/bonafide/E_0007753686.flac,watermarked_audios/wavmark/bonafide/E_0007753686_watermarked.flac,1.8426706790924072,1.902112364768982
wavmark,bonafide,E_0002725754,datasets/ASVspoof5_partitions/audio_data/bonafide/E_0002725754.flac,watermarked_audios/wavmark/bonafide/E_0002725754_watermarked.flac,1.9542121887207031,1.774919033050537
wavmark,bonafide,E_0008864076,datasets/ASVspoof5_partitions/audio_data/bonafide/E_0008864076.flac,watermarked_audios/wavmark/bonafide/E_0008864076_watermarked.flac,2.02860951423645,1.9429903030395508
wavmark,bonafide,E_0000078124,datasets/ASVspoof5_partitions/audio_data/bonafide/E_0000078124.flac,watermarked_audios/wavmark/bonafide/E_0000078124_watermarked.flac,1.513891577720642,2.2365052700042725
wavmark,bonafide,E_0000421660,datasets/ASVspoof5_partitions/audio_data/bonafide/E_0000421660.flac,watermarked_audios/wavmark/bonafide/E_0000421660_watermarked.flac,0.6107587218284607,1.1193815469741821
wavmark,bonafide,E_0001595909,datasets/ASVspoof5_partitions/audio_data/bonafide/E_0001595909.flac,watermarked_audios/wavmark/bonafide/E_0001595909_watermarked.flac,0.9107499122619629,1.3894009590148926
wavmark,bonafide,E_0007074049,datasets/ASVspoof5_partitions/audio_data/bonafide/E_0007074049.flac,watermarked_audios/wavmark/bonafide/E_0007074049_watermarked.flac,1.2403168678283691,1.8950433731079102
wavmark,bonafide,E_0004685199,datasets/ASVspoof5_partitions/audio_data/bonafide/E_0004685199.flac,watermarked_audios/wavmark/bonafide/E_0004685199_watermarked.flac,1.1748472452163696,1.563279390335083
wavmark,bonafide,E_0001438350,datasets/ASVspoof5_partitions/audio_data/bonafide/E_0001438350.flac,watermarked_audios/wavmark/bonafide/E_0001438350_watermarked.flac,0.8566443920135498,0.8089197874069214
wavmark,bonafide,E_0002462619,datasets/ASVspoof5_partitions/audio_data/bonafide/E_0002462619.flac,watermarked_audios/wavmark/bonafide/E_0002462619_watermarked.flac,0.9914031028747559,1.4129105806350708
wavmark,bonafide,E_0009026444,datasets/ASVspoof5_partitions/audio_data/bonafide/E_0009026444.flac,watermarked_audios/wavmark/bonafide/E_0009026444_watermarked.flac,1.993115782737732,2.236898422241211
wavmark,bonafide,E_0003238793,datasets/ASVspoof5_partitions/audio_data/bonafide/E_0003238793.flac,watermarked_audios/wavmark/bonafide/E_0003238793_watermarked.flac,0.9413247108459473,1.482990026473999
wavmark,bonafide,E_0006009442,datasets/ASVspoof5_partitions/audio_data/bonafide/E_0006009442.flac,watermarked_audios/wavmark/bonafide/E_0006009442_watermarked.flac,0.7901700139045715,1.8259854316711426
wavmark,bonafide,E_0003446314,datasets/ASVspoof5_partitions/audio_data/bonafide/E_0003446314.flac,watermarked_audios/wavmark/bonafide/E_0003446314_watermarked.flac,1.739143967628479,1.7223562002182007
wavmark,bonafide,E_0003410016,datasets/ASVspoof5_partitions/audio_data/bonafide/E_0003410016.flac,watermarked_audios/wavmark/bonafide/E_0003410016_watermarked.flac,0.9659139513969421,1.7515076398849487
wavmark,bonafide,E_0006322730,datasets/ASVspoof5_partitions/audio_data/bonafide/E_0006322730.flac,watermarked_audios/wavmark/bonafide/E_0006322730_watermarked.flac,1.145250678062439,1.8177857398986816
wavmark,bonafide,E_0008529666,datasets/ASVspoof5_partitions/audio_data/bonafide/E_0008529666.flac,watermarked_audios/wavmark/bonafide/E_0008529666_watermarked.flac,1.1928895711898804,1.738323450088501
wavmark,bonafide,E_0000439319,datasets/ASVspoof5_partitions/audio_data/bonafide/E_0000439319.flac,watermarked_audios/wavmark/bonafide/E_0000439319_watermarked.flac,1.0929231643676758,1.4630416631698608
wavmark,bonafide,E_0003340971,datasets/ASVspoof5_partitions/audio_data/bonafide/E_0003340971.flac,watermarked_audios/wavmark/bonafide/E_0003340971_watermarked.flac,1.4263832569122314,1.6896048784255981
wavmark,bonafide,E_0006306557,datasets/ASVspoof5_partitions/audio_data/bonafide/E_0006306557.flac,watermarked_audios/wavmark/bonafide/E_0006306557_watermarked.flac,1.4270275831222534,1.711199164390564
wavmark,bonafide,E_0009364750,datasets/ASVspoof5_partitions/audio_data/bonafide/E_0009364750.flac,watermarked_audios/wavmark/bonafide/E_0009364750_watermarked.flac,1.1672724485397339,1.5006475448608398
wavmark,bonafide,E_0003617108,datasets/ASVspoof5_partitions/audio_data/bonafide/E_0003617108.flac,watermarked_audios/wavmark/bonafide/E_0003617108_watermarked.flac,1.373803734779358,1.7271552085876465
wavmark,bonafide,E_0003062603,datasets/ASVspoof5_partitions/audio_data/bonafide/E_0003062603.flac,watermarked_audios/wavmark/bonafide/E_0003062603_watermarked.flac,0.5320450067520142,1.2290626764297485
wavmark,bonafide,E_0003264376,datasets/ASVspoof5_partitions/audio_data/bonafide/E_0003264376.flac,watermarked_audios/wavmark/bonafide/E_0003264376_watermarked.flac,1.1048933267593384,1.5683324337005615
wavmark,bonafide,E_0005951172,datasets/ASVspoof5_partitions/audio_data/bonafide/E_0005951172.flac,watermarked_audios/wavmark/bonafide/E_0005951172_watermarked.flac,0.8663234114646912,2.0296199321746826
wavmark,bonafide,E_0006380916,datasets/ASVspoof5_partitions/audio_data/bonafide/E_0006380916.flac,watermarked_audios/wavmark/bonafide/E_0006380916_watermarked.flac,1.4768301248550415,1.6264909505844116
wavmark,bonafide,E_0001436568,datasets/ASVspoof5_partitions/audio_data/bonafide/E_0001436568.flac,watermarked_audios/wavmark/bonafide/E_0001436568_watermarked.flac,0.7400307059288025,0.9039196968078613
wavmark,bonafide,E_0009738554,datasets/ASVspoof5_partitions/audio_data/bonafide/E_0009738554.flac,watermarked_audios/wavmark/bonafide/E_0009738554_watermarked.flac,1.41609525680542,1.9184041023254395
wavmark,bonafide,E_0002141439,datasets/ASVspoof5_partitions/audio_data/bonafide/E_0002141439.flac,watermarked_audios/wavmark/bonafide/E_0002141439_watermarked.flac,1.09972083568573,1.1445177793502808
wavmark,bonafide,E_0001585210,datasets/ASVspoof5_partitions/audio_data/bonafide/E_0001585210.flac,watermarked_audios/wavmark/bonafide/E_0001585210_watermarked.flac,1.0143742561340332,1.3047338724136353
wavmark,bonafide,E_0009692775,datasets/ASVspoof5_partitions/audio_data/bonafide/E_0009692775.flac,watermarked_audios/wavmark/bonafide/E_0009692775_watermarked.flac,1.2351627349853516,1.8600422143936157
wavmark,bonafide,E_0009497569,datasets/ASVspoof5_partitions/audio_data/bonafide/E_0009497569.flac,watermarked_audios/wavmark/bonafide/E_0009497569_watermarked.flac,1.8754591941833496,1.5940613746643066
wavmark,bonafide,E_0007164263,datasets/ASVspoof5_partitions/audio_data/bonafide/E_0007164263.flac,watermarked_audios/wavmark/bonafide/E_0007164263_watermarked.flac,1.2274366617202759,1.644295573234558
wavmark,bonafide,E_0004383331,datasets/ASVspoof5_partitions/audio_data/bonafide/E_0004383331.flac,watermarked_audios/wavmark/bonafide/E_0004383331_watermarked.flac,0.7954605221748352,1.5223150253295898
wavmark,bonafide,E_0008638873,datasets/ASVspoof5_partitions/audio_data/bonafide/E_0008638873.flac,watermarked_audios/wavmark/bonafide/E_0008638873_watermarked.flac,1.3642244338989258,1.6036531925201416
wavmark,bonafide,E_0007632384,datasets/ASVspoof5_partitions/audio_data/bonafide/E_0007632384.flac,watermarked_audios/wavmark/bonafide/E_0007632384_watermarked.flac,1.3137857913970947,1.8522180318832397
wavmark,bonafide,E_0004130722,datasets/ASVspoof5_partitions/audio_data/bonafide/E_0004130722.flac,watermarked_audios/wavmark/bonafide/E_0004130722_watermarked.flac,1.4877270460128784,1.8917689323425293
wavmark,bonafide,E_0000704813,datasets/ASVspoof5_partitions/audio_data/bonafide/E_0000704813.flac,watermarked_audios/wavmark/bonafide/E_0000704813_watermarked.flac,1.2374870777130127,1.7225173711776733
wavmark,bonafide,E_0004427089,datasets/ASVspoof5_partitions/audio_data/bonafide/E_0004427089.flac,watermarked_audios/wavmark/bonafide/E_0004427089_watermarked.flac,0.9755653142929077,1.5925235748291016
wavmark,bonafide,E_0003374849,datasets/ASVspoof5_partitions/audio_data/bonafide/E_0003374849.flac,watermarked_audios/wavmark/bonafide/E_0003374849_watermarked.flac,0.7502653002738953,1.2937206029891968
wavmark,bonafide,E_0002480871,datasets/ASVspoof5_partitions/audio_data/bonafide/E_0002480871.flac,watermarked_audios/wavmark/bonafide/E_0002480871_watermarked.flac,0.9996000528335571,1.6409193277359009
wavmark,bonafide,E_0007701030,datasets/ASVspoof5_partitions/audio_data/bonafide/E_0007701030.flac,watermarked_audios/wavmark/bonafide/E_0007701030_watermarked.flac,1.1134159564971924,1.412087321281433
wavmark,bonafide,E_0009031512,datasets/ASVspoof5_partitions/audio_data/bonafide/E_0009031512.flac,watermarked_audios/wavmark/bonafide/E_0009031512_watermarked.flac,0.9958964586257935,1.6869089603424072
wavmark,bonafide,E_0000709671,datasets/ASVspoof5_partitions/audio_data/bonafide/E_0000709671.flac,watermarked_audios/wavmark/bonafide/E_0000709671_watermarked.flac,0.8348453044891357,0.9568082094192505
wavmark,bonafide,E_0002656973,datasets/ASVspoof5_partitions/audio_data/bonafide/E_0002656973.flac,watermarked_audios/wavmark/bonafide/E_0002656973_watermarked.flac,1.9338676929473877,2.184678792953491
wavmark,bonafide,E_0004291424,datasets/ASVspoof5_partitions/audio_data/bonafide/E_0004291424.flac,watermarked_audios/wavmark/bonafide/E_0004291424_watermarked.flac,1.002640724182129,1.5426560640335083
wavmark,bonafide,E_0002303766,datasets/ASVspoof5_partitions/audio_data/bonafide/E_0002303766.flac,watermarked_audios/wavmark/bonafide/E_0002303766_watermarked.flac,1.2764912843704224,1.1898459196090698
wavmark,bonafide,E_0002000261,datasets/ASVspoof5_partitions/audio_data/bonafide/E_0002000261.flac,watermarked_audios/wavmark/bonafide/E_0002000261_watermarked.flac,1.6495394706726074,2.557886838912964
wavmark,bonafide,E_0000351484,datasets/ASVspoof5_partitions/audio_data/bonafide/E_0000351484.flac,watermarked_audios/wavmark/bonafide/E_0000351484_watermarked.flac,1.0947564840316772,1.8815540075302124
wavmark,bonafide,E_0004660757,datasets/ASVspoof5_partitions/audio_data/bonafide/E_0004660757.flac,watermarked_audios/wavmark/bonafide/E_0004660757_watermarked.flac,1.1359314918518066,1.7721680402755737
wavmark,bonafide,E_0003918928,datasets/ASVspoof5_partitions/audio_data/bonafide/E_0003918928.flac,watermarked_audios/wavmark/bonafide/E_0003918928_watermarked.flac,0.3821929693222046,1.1143726110458374
wavmark,bonafide,E_0006343730,datasets/ASVspoof5_partitions/audio_data/bonafide/E_0006343730.flac,watermarked_audios/wavmark/bonafide/E_0006343730_watermarked.flac,0.9078885912895203,1.2797657251358032
wavmark,bonafide,E_0001291814,datasets/ASVspoof5_partitions/audio_data/bonafide/E_0001291814.flac,watermarked_audios/wavmark/bonafide/E_0001291814_watermarked.flac,1.03541898727417,0.9991360306739807
wavmark,bonafide,E_0009371779,datasets/ASVspoof5_partitions/audio_data/bonafide/E_0009371779.flac,watermarked_audios/wavmark/bonafide/E_0009371779_watermarked.flac,0.9987009763717651,1.8850147724151611
wavmark,bonafide,E_0009356735,datasets/ASVspoof5_partitions/audio_data/bonafide/E_0009356735.flac,watermarked_audios/wavmark/bonafide/E_0009356735_watermarked.flac,1.3548492193222046,1.6684916019439697
wavmark,bonafide,E_0008555812,datasets/ASVspoof5_partitions/audio_data/bonafide/E_0008555812.flac,watermarked_audios/wavmark/bonafide/E_0008555812_watermarked.flac,1.7915613651275635,1.6762371063232422
wavmark,bonafide,E_0005226072,datasets/ASVspoof5_partitions/audio_data/bonafide/E_0005226072.flac,watermarked_audios/wavmark/bonafide/E_0005226072_watermarked.flac,0.6495180726051331,0.5539939999580383
wavmark,bonafide,E_0004926975,datasets/ASVspoof5_partitions/audio_data/bonafide/E_0004926975.flac,watermarked_audios/wavmark/bonafide/E_0004926975_watermarked.flac,0.7398511171340942,1.2559467554092407
wavmark,bonafide,E_0002283723,datasets/ASVspoof5_partitions/audio_data/bonafide/E_0002283723.flac,watermarked_audios/wavmark/bonafide/E_0002283723_watermarked.flac,1.3316256999969482,1.8457636833190918
wavmark,bonafide,E_0008793269,datasets/ASVspoof5_partitions/audio_data/bonafide/E_0008793269.flac,watermarked_audios/wavmark/bonafide/E_0008793269_watermarked.flac,1.1122499704360962,1.0518242120742798
wavmark,bonafide,E_0006680030,datasets/ASVspoof5_partitions/audio_data/bonafide/E_0006680030.flac,watermarked_audios/wavmark/bonafide/E_0006680030_watermarked.flac,1.6558754444122314,2.407752513885498
wavmark,bonafide,E_0009701254,datasets/ASVspoof5_partitions/audio_data/bonafide/E_0009701254.flac,watermarked_audios/wavmark/bonafide/E_0009701254_watermarked.flac,1.22354257106781,1.7769654989242554
wavmark,bonafide,E_0005414533,datasets/ASVspoof5_partitions/audio_data/bonafide/E_0005414533.flac,watermarked_audios/wavmark/bonafide/E_0005414533_watermarked.flac,2.0997884273529053,1.362133502960205
wavmark,bonafide,E_0000068801,datasets/ASVspoof5_partitions/audio_data/bonafide/E_0000068801.flac,watermarked_audios/wavmark/bonafide/E_0000068801_watermarked.flac,0.9538487792015076,1.3798439502716064
wavmark,bonafide,E_0004813037,datasets/ASVspoof5_partitions/audio_data/bonafide/E_0004813037.flac,watermarked_audios/wavmark/bonafide/E_0004813037_watermarked.flac,1.4904184341430664,2.5108203887939453
wavmark,bonafide,E_0005337995,datasets/ASVspoof5_partitions/audio_data/bonafide/E_0005337995.flac,watermarked_audios/wavmark/bonafide/E_0005337995_watermarked.flac,1.380187749862671,1.7803062200546265
wavmark,bonafide,E_0006569211,datasets/ASVspoof5_partitions/audio_data/bonafide/E_0006569211.flac,watermarked_audios/wavmark/bonafide/E_0006569211_watermarked.flac,1.0049457550048828,1.6491259336471558
wavmark,bonafide,E_0006656507,datasets/ASVspoof5_partitions/audio_data/bonafide/E_0006656507.flac,watermarked_audios/wavmark/bonafide/E_0006656507_watermarked.flac,1.0133278369903564,1.1955598592758179
wavmark,bonafide,E_0003858828,datasets/ASVspoof5_partitions/audio_data/bonafide/E_0003858828.flac,watermarked_audios/wavmark/bonafide/E_0003858828_watermarked.flac,1.219007968902588,1.624173879623413
wavmark,bonafide,E_0006051703,datasets/ASVspoof5_partitions/audio_data/bonafide/E_0006051703.flac,watermarked_audios/wavmark/bonafide/E_0006051703_watermarked.flac,1.3861809968948364,1.8948254585266113
wavmark,bonafide,E_0003614368,datasets/ASVspoof5_partitions/audio_data/bonafide/E_0003614368.flac,watermarked_audios/wavmark/bonafide/E_0003614368_watermarked.flac,0.5060614347457886,0.6223985552787781
wavmark,bonafide,E_0002886025,datasets/ASVspoof5_partitions/audio_data/bonafide/E_0002886025.flac,watermarked_audios/wavmark/bonafide/E_0002886025_watermarked.flac,0.7705903649330139,0.7949569225311279
wavmark,bonafide,E_0005411438,datasets/ASVspoof5_partitions/audio_data/bonafide/E_0005411438.flac,watermarked_audios/wavmark/bonafide/E_0005411438_watermarked.flac,1.008421540260315,1.5172635316848755
wavmark,bonafide,E_0007832397,datasets/ASVspoof5_partitions/audio_data/bonafide/E_0007832397.flac,watermarked_audios/wavmark/bonafide/E_0007832397_watermarked.flac,1.197195053100586,2.3090057373046875
wavmark,bonafide,E_0005488466,datasets/ASVspoof5_partitions/audio_data/bonafide/E_0005488466.flac,watermarked_audios/wavmark/bonafide/E_0005488466_watermarked.flac,0.42735129594802856,0.9953818321228027
wavmark,bonafide,E_0005922616,datasets/ASVspoof5_partitions/audio_data/bonafide/E_0005922616.flac,watermarked_audios/wavmark/bonafide/E_0005922616_watermarked.flac,2.5279524326324463,2.1412923336029053
wavmark,bonafide,E_0002138252,datasets/ASVspoof5_partitions/audio_data/bonafide/E_0002138252.flac,watermarked_audios/wavmark/bonafide/E_0002138252_watermarked.flac,1.6631566286087036,1.784528374671936
wavmark,bonafide,E_0009935498,datasets/ASVspoof5_partitions/audio_data/bonafide/E_0009935498.flac,watermarked_audios/wavmark/bonafide/E_0009935498_watermarked.flac,1.258393406867981,1.987260341644287
wavmark,bonafide,E_0003469451,datasets/ASVspoof5_partitions/audio_data/bonafide/E_0003469451.flac,watermarked_audios/wavmark/bonafide/E_0003469451_watermarked.flac,2.2564711570739746,1.956368088722229
wavmark,bonafide,E_0003840147,datasets/ASVspoof5_partitions/audio_data/bonafide/E_0003840147.flac,watermarked_audios/wavmark/bonafide/E_0003840147_watermarked.flac,1.8660799264907837,1.8814913034439087
wavmark,bonafide,E_0000824730,datasets/ASVspoof5_partitions/audio_data/bonafide/E_0000824730.flac,watermarked_audios/wavmark/bonafide/E_0000824730_watermarked.flac,0.7803851366043091,1.1096464395523071
wavmark,bonafide,E_0008881764,datasets/ASVspoof5_partitions/audio_data/bonafide/E_0008881764.flac,watermarked_audios/wavmark/bonafide/E_0008881764_watermarked.flac,1.1263816356658936,1.730995774269104
wavmark,bonafide,E_0004158061,datasets/ASVspoof5_partitions/audio_data/bonafide/E_0004158061.flac,watermarked_audios/wavmark/bonafide/E_0004158061_watermarked.flac,1.4588305950164795,1.5328633785247803
wavmark,bonafide,E_0005445065,datasets/ASVspoof5_partitions/audio_data/bonafide/E_0005445065.flac,watermarked_audios/wavmark/bonafide/E_0005445065_watermarked.flac,1.1745747327804565,1.331685185432434
wavmark,bonafide,E_0007824690,datasets/ASVspoof5_partitions/audio_data/bonafide/E_0007824690.flac,watermarked_audios/wavmark/bonafide/E_0007824690_watermarked.flac,1.306126594543457,1.550261378288269
wavmark,bonafide,E_0008565928,datasets/ASVspoof5_partitions/audio_data/bonafide/E_0008565928.flac,watermarked_audios/wavmark/bonafide/E_0008565928_watermarked.flac,1.4444645643234253,1.6212974786758423
wavmark,bonafide,E_0003655472,datasets/ASVspoof5_partitions/audio_data/bonafide/E_0003655472.flac,watermarked_audios/wavmark/bonafide/E_0003655472_watermarked.flac,0.8908106684684753,1.7885056734085083
wavmark,bonafide,E_0009240473,datasets/ASVspoof5_partitions/audio_data/bonafide/E_0009240473.flac,watermarked_audios/wavmark/bonafide/E_0009240473_watermarked.flac,1.6116360425949097,1.589827299118042
wavmark,bonafide,E_0001060500,datasets/ASVspoof5_partitions/audio_data/bonafide/E_0001060500.flac,watermarked_audios/wavmark/bonafide/E_0001060500_watermarked.flac,0.9504488706588745,1.4541726112365723
wavmark,bonafide,E_0005936204,datasets/ASVspoof5_partitions/audio_data/bonafide/E_0005936204.flac,watermarked_audios/wavmark/bonafide/E_0005936204_watermarked.flac,0.6722603440284729,1.2509934902191162
wavmark,bonafide,E_0002219449,datasets/ASVspoof5_partitions/audio_data/bonafide/E_0002219449.flac,watermarked_audios/wavmark/bonafide/E_0002219449_watermarked.flac,1.0104141235351562,1.334073543548584
wavmark,bonafide,E_0002630776,datasets/ASVspoof5_partitions/audio_data/bonafide/E_0002630776.flac,watermarked_audios/wavmark/bonafide/E_0002630776_watermarked.flac,1.3466551303863525,1.7040122747421265
wavmark,bonafide,E_0001767450,datasets/ASVspoof5_partitions/audio_data/bonafide/E_0001767450.flac,watermarked_audios/wavmark/bonafide/E_0001767450_watermarked.flac,0.9433771371841431,1.2375473976135254
wavmark,bonafide,E_0008259657,datasets/ASVspoof5_partitions/audio_data/bonafide/E_0008259657.flac,watermarked_audios/wavmark/bonafide/E_0008259657_watermarked.flac,0.8125127553939819,1.4257488250732422
wavmark,bonafide,E_0000246429,datasets/ASVspoof5_partitions/audio_data/bonafide/E_0000246429.flac,watermarked_audios/wavmark/bonafide/E_0000246429_watermarked.flac,1.1657426357269287,1.540079116821289
wavmark,bonafide,E_0003974242,datasets/ASVspoof5_partitions/audio_data/bonafide/E_0003974242.flac,watermarked_audios/wavmark/bonafide/E_0003974242_watermarked.flac,1.2885328531265259,1.9248287677764893
wavmark,bonafide,E_0002680054,datasets/ASVspoof5_partitions/audio_data/bonafide/E_0002680054.flac,watermarked_audios/wavmark/bonafide/E_0002680054_watermarked.flac,0.8350315690040588,1.7553006410598755
wavmark,bonafide,E_0004142801,datasets/ASVspoof5_partitions/audio_data/bonafide/E_0004142801.flac,watermarked_audios/wavmark/bonafide/E_0004142801_watermarked.flac,0.9625669121742249,1.8945502042770386
wavmark,bonafide,E_0000106887,datasets/ASVspoof5_partitions/audio_data/bonafide/E_0000106887.flac,watermarked_audios/wavmark/bonafide/E_0000106887_watermarked.flac,1.001220464706421,1.3649234771728516
wavmark,bonafide,E_0003598052,datasets/ASVspoof5_partitions/audio_data/bonafide/E_0003598052.flac,watermarked_audios/wavmark/bonafide/E_0003598052_watermarked.flac,0.8817954659461975,1.3926289081573486
wavmark,bonafide,E_0009588917,datasets/ASVspoof5_partitions/audio_data/bonafide/E_0009588917.flac,watermarked_audios/wavmark/bonafide/E_0009588917_watermarked.flac,1.6715747117996216,2.4197616577148438
wavmark,bonafide,E_0001270528,datasets/ASVspoof5_partitions/audio_data/bonafide/E_0001270528.flac,watermarked_audios/wavmark/bonafide/E_0001270528_watermarked.flac,0.8335027694702148,1.420558214187622
wavmark,bonafide,E_0009716729,datasets/ASVspoof5_partitions/audio_data/bonafide/E_0009716729.flac,watermarked_audios/wavmark/bonafide/E_0009716729_watermarked.flac,2.162447690963745,2.2391462326049805
wavmark,bonafide,E_0000688823,datasets/ASVspoof5_partitions/audio_data/bonafide/E_0000688823.flac,watermarked_audios/wavmark/bonafide/E_0000688823_watermarked.flac,1.798933982849121,2.3008852005004883
wavmark,bonafide,E_0005177117,datasets/ASVspoof5_partitions/audio_data/bonafide/E_0005177117.flac,watermarked_audios/wavmark/bonafide/E_0005177117_watermarked.flac,1.188462734222412,1.2536048889160156
wavmark,bonafide,E_0008829513,datasets/ASVspoof5_partitions/audio_data/bonafide/E_0008829513.flac,watermarked_audios/wavmark/bonafide/E_0008829513_watermarked.flac,1.6135189533233643,1.7144546508789062
wavmark,bonafide,E_0003417392,datasets/ASVspoof5_partitions/audio_data/bonafide/E_0003417392.flac,watermarked_audios/wavmark/bonafide/E_0003417392_watermarked.flac,1.4080222845077515,1.7639216184616089
wavmark,bonafide,E_0003786480,datasets/ASVspoof5_partitions/audio_data/bonafide/E_0003786480.flac,watermarked_audios/wavmark/bonafide/E_0003786480_watermarked.flac,0.9874910712242126,1.9412524700164795
wavmark,bonafide,E_0001047147,datasets/ASVspoof5_partitions/audio_data/bonafide/E_0001047147.flac,watermarked_audios/wavmark/bonafide/E_0001047147_watermarked.flac,1.010493516921997,1.6332132816314697
wavmark,bonafide,E_0005990368,datasets/ASVspoof5_partitions/audio_data/bonafide/E_0005990368.flac,watermarked_audios/wavmark/bonafide/E_0005990368_watermarked.flac,1.012010097503662,1.8620351552963257
wavmark,bonafide,E_0003192071,datasets/ASVspoof5_partitions/audio_data/bonafide/E_0003192071.flac,watermarked_audios/wavmark/bonafide/E_0003192071_watermarked.flac,1.5423946380615234,1.9170747995376587
wavmark,bonafide,E_0001664811,datasets/ASVspoof5_partitions/audio_data/bonafide/E_0001664811.flac,watermarked_audios/wavmark/bonafide/E_0001664811_watermarked.flac,1.2028862237930298,1.6903979778289795
wavmark,bonafide,E_0005870435,datasets/ASVspoof5_partitions/audio_data/bonafide/E_0005870435.flac,watermarked_audios/wavmark/bonafide/E_0005870435_watermarked.flac,1.6349910497665405,2.40309739112854
wavmark,spoofed,E_0005309742,datasets/ASVspoof5_partitions/audio_data/spoofed/E_0005309742.flac,watermarked_audios/wavmark/spoofed/E_0005309742_watermarked.flac,1.23356032371521,2.1587274074554443
wavmark,spoofed,E_0000853746,datasets/ASVspoof5_partitions/audio_data/spoofed/E_0000853746.flac,watermarked_audios/wavmark/spoofed/E_0000853746_watermarked.flac,1.28106689453125,1.18623948097229
wavmark,spoofed,E_0008308722,datasets/ASVspoof5_partitions/audio_data/spoofed/E_0008308722.flac,watermarked_audios/wavmark/spoofed/E_0008308722_watermarked.flac,0.731616199016571,1.5259606838226318
wavmark,spoofed,E_0004490708,datasets/ASVspoof5_partitions/audio_data/spoofed/E_0004490708.flac,watermarked_audios/wavmark/spoofed/E_0004490708_watermarked.flac,0.9055066704750061,2.0265965461730957
wavmark,spoofed,E_0000693450,datasets/ASVspoof5_partitions/audio_data/spoofed/E_0000693450.flac,watermarked_audios/wavmark/spoofed/E_0000693450_watermarked.flac,1.201310396194458,1.9416817426681519
wavmark,spoofed,E_0007178506,datasets/ASVspoof5_partitions/audio_data/spoofed/E_0007178506.flac,watermarked_audios/wavmark/spoofed/E_0007178506_watermarked.flac,0.8506942987442017,1.2944819927215576
wavmark,spoofed,E_0000292439,datasets/ASVspoof5_partitions/audio_data/spoofed/E_0000292439.flac,watermarked_audios/wavmark/spoofed/E_0000292439_watermarked.flac,1.089475393295288,1.5803656578063965
wavmark,spoofed,E_0005847401,datasets/ASVspoof5_partitions/audio_data/spoofed/E_0005847401.flac,watermarked_audios/wavmark/spoofed/E_0005847401_watermarked.flac,0.98626708984375,1.4230868816375732
wavmark,spoofed,E_0008582937,datasets/ASVspoof5_partitions/audio_data/spoofed/E_0008582937.flac,watermarked_audios/wavmark/spoofed/E_0008582937_watermarked.flac,0.7570438981056213,0.8870647549629211
wavmark,spoofed,E_0001366709,datasets/ASVspoof5_partitions/audio_data/spoofed/E_0001366709.flac,watermarked_audios/wavmark/spoofed/E_0001366709_watermarked.flac,0.7073286175727844,1.0234490633010864
wavmark,spoofed,E_0008325027,datasets/ASVspoof5_partitions/audio_data/spoofed/E_0008325027.flac,watermarked_audios/wavmark/spoofed/E_0008325027_watermarked.flac,1.8686068058013916,1.9141067266464233
wavmark,spoofed,E_0004541374,datasets/ASVspoof5_partitions/audio_data/spoofed/E_0004541374.flac,watermarked_audios/wavmark/spoofed/E_0004541374_watermarked.flac,1.1094902753829956,1.6241228580474854
wavmark,spoofed,E_0003010105,datasets/ASVspoof5_partitions/audio_data/spoofed/E_0003010105.flac,watermarked_audios/wavmark/spoofed/E_0003010105_watermarked.flac,1.987253189086914,2.0387494564056396
wavmark,spoofed,E_0002728334,datasets/ASVspoof5_partitions/audio_data/spoofed/E_0002728334.flac,watermarked_audios/wavmark/spoofed/E_0002728334_watermarked.flac,1.0875062942504883,1.349729061126709
wavmark,spoofed,E_0009057283,datasets/ASVspoof5_partitions/audio_data/spoofed/E_0009057283.flac,watermarked_audios/wavmark/spoofed/E_0009057283_watermarked.flac,1.9878294467926025,2.5594472885131836
wavmark,spoofed,E_0000489018,datasets/ASVspoof5_partitions/audio_data/spoofed/E_0000489018.flac,watermarked_audios/wavmark/spoofed/E_0000489018_watermarked.flac,0.9269787073135376,1.2589396238327026
wavmark,spoofed,E_0006082825,datasets/ASVspoof5_partitions/audio_data/spoofed/E_0006082825.flac,watermarked_audios/wavmark/spoofed/E_0006082825_watermarked.flac,1.4827072620391846,1.932706356048584
wavmark,spoofed,E_0000933854,datasets/ASVspoof5_partitions/audio_data/spoofed/E_0000933854.flac,watermarked_audios/wavmark/spoofed/E_0000933854_watermarked.flac,1.1078301668167114,1.3886107206344604
wavmark,spoofed,E_0002533527,datasets/ASVspoof5_partitions/audio_data/spoofed/E_0002533527.flac,watermarked_audios/wavmark/spoofed/E_0002533527_watermarked.flac,0.8188439607620239,1.0836900472640991
wavmark,spoofed,E_0002492275,datasets/ASVspoof5_partitions/audio_data/spoofed/E_0002492275.flac,watermarked_audios/wavmark/spoofed/E_0002492275_watermarked.flac,1.106170892715454,1.6433497667312622
wavmark,spoofed,E_0009355584,datasets/ASVspoof5_partitions/audio_data/spoofed/E_0009355584.flac,watermarked_audios/wavmark/spoofed/E_0009355584_watermarked.flac,0.6873180270195007,0.981280505657196
wavmark,spoofed,E_0009210096,datasets/ASVspoof5_partitions/audio_data/spoofed/E_0009210096.flac,watermarked_audios/wavmark/spoofed/E_0009210096_watermarked.flac,1.6889508962631226,2.3570749759674072
wavmark,spoofed,E_0007922223,datasets/ASVspoof5_partitions/audio_data/spoofed/E_0007922223.flac,watermarked_audios/wavmark/spoofed/E_0007922223_watermarked.flac,1.584928274154663,1.7351583242416382
wavmark,spoofed,E_0000168096,datasets/ASVspoof5_partitions/audio_data/spoofed/E_0000168096.flac,watermarked_audios/wavmark/spoofed/E_0000168096_watermarked.flac,0.8723224997520447,1.1554232835769653
wavmark,spoofed,E_0009294814,datasets/ASVspoof5_partitions/audio_data/spoofed/E_0009294814.flac,watermarked_audios/wavmark/spoofed/E_0009294814_watermarked.flac,0.9574686288833618,1.6593161821365356
wavmark,spoofed,E_0007397972,datasets/ASVspoof5_partitions/audio_data/spoofed/E_0007397972.flac,watermarked_audios/wavmark/spoofed/E_0007397972_watermarked.flac,1.3357555866241455,1.874688982963562
wavmark,spoofed,E_0009296868,datasets/ASVspoof5_partitions/audio_data/spoofed/E_0009296868.flac,watermarked_audios/wavmark/spoofed/E_0009296868_watermarked.flac,0.8785651326179504,1.504978060722351
wavmark,spoofed,E_0002922537,datasets/ASVspoof5_partitions/audio_data/spoofed/E_0002922537.flac,watermarked_audios/wavmark/spoofed/E_0002922537_watermarked.flac,0.8017181158065796,1.492887020111084
wavmark,spoofed,E_0005698181,datasets/ASVspoof5_partitions/audio_data/spoofed/E_0005698181.flac,watermarked_audios/wavmark/spoofed/E_0005698181_watermarked.flac,1.0966686010360718,1.8441890478134155
wavmark,spoofed,E_0008142959,datasets/ASVspoof5_partitions/audio_data/spoofed/E_0008142959.flac,watermarked_audios/wavmark/spoofed/E_0008142959_watermarked.flac,1.2146546840667725,1.3760002851486206
wavmark,spoofed,E_0002976653,datasets/ASVspoof5_partitions/audio_data/spoofed/E_0002976653.flac,watermarked_audios/wavmark/spoofed/E_0002976653_watermarked.flac,1.1202316284179688,1.7987464666366577
wavmark,spoofed,E_0005763141,datasets/ASVspoof5_partitions/audio_data/spoofed/E_0005763141.flac,watermarked_audios/wavmark/spoofed/E_0005763141_watermarked.flac,0.8294957876205444,1.359084963798523
wavmark,spoofed,E_0005785691,datasets/ASVspoof5_partitions/audio_data/spoofed/E_0005785691.flac,watermarked_audios/wavmark/spoofed/E_0005785691_watermarked.flac,0.7210162281990051,1.5961745977401733
wavmark,spoofed,E_0005852589,datasets/ASVspoof5_partitions/audio_data/spoofed/E_0005852589.flac,watermarked_audios/wavmark/spoofed/E_0005852589_watermarked.flac,0.9500039219856262,1.4719369411468506
wavmark,spoofed,E_0005818493,datasets/ASVspoof5_partitions/audio_data/spoofed/E_0005818493.flac,watermarked_audios/wavmark/spoofed/E_0005818493_watermarked.flac,1.224577784538269,1.5269893407821655
wavmark,spoofed,E_0001602811,datasets/ASVspoof5_partitions/audio_data/spoofed/E_0001602811.flac,watermarked_audios/wavmark/spoofed/E_0001602811_watermarked.flac,0.8996747732162476,1.7275102138519287
wavmark,spoofed,E_0001706008,datasets/ASVspoof5_partitions/audio_data/spoofed/E_0001706008.flac,watermarked_audios/wavmark/spoofed/E_0001706008_watermarked.flac,0.941476047039032,1.6747374534606934
wavmark,spoofed,E_0000418142,datasets/ASVspoof5_partitions/audio_data/spoofed/E_0000418142.flac,watermarked_audios/wavmark/spoofed/E_0000418142_watermarked.flac,1.419150471687317,1.9866323471069336
wavmark,spoofed,E_0004180511,datasets/ASVspoof5_partitions/audio_data/spoofed/E_0004180511.flac,watermarked_audios/wavmark/spoofed/E_0004180511_watermarked.flac,1.1750857830047607,1.5919241905212402
wavmark,spoofed,E_0005364619,datasets/ASVspoof5_partitions/audio_data/spoofed/E_0005364619.flac,watermarked_audios/wavmark/spoofed/E_0005364619_watermarked.flac,0.8318256139755249,1.4259140491485596
wavmark,spoofed,E_0003277436,datasets/ASVspoof5_partitions/audio_data/spoofed/E_0003277436.flac,watermarked_audios/wavmark/spoofed/E_0003277436_watermarked.flac,1.174047589302063,1.3022795915603638
wavmark,spoofed,E_0003222587,datasets/ASVspoof5_partitions/audio_data/spoofed/E_0003222587.flac,watermarked_audios/wavmark/spoofed/E_0003222587_watermarked.flac,1.590585708618164,1.6815556287765503
wavmark,spoofed,E_0004140330,datasets/ASVspoof5_partitions/audio_data/spoofed/E_0004140330.flac,watermarked_audios/wavmark/spoofed/E_0004140330_watermarked.flac,0.9209257960319519,1.5103647708892822
wavmark,spoofed,E_0001821646,datasets/ASVspoof5_partitions/audio_data/spoofed/E_0001821646.flac,watermarked_audios/wavmark/spoofed/E_0001821646_watermarked.flac,1.4037123918533325,2.011080265045166
wavmark,spoofed,E_0004706635,datasets/ASVspoof5_partitions/audio_data/spoofed/E_0004706635.flac,watermarked_audios/wavmark/spoofed/E_0004706635_watermarked.flac,1.6332919597625732,1.332139492034912
wavmark,spoofed,E_0000688876,datasets/ASVspoof5_partitions/audio_data/spoofed/E_0000688876.flac,watermarked_audios/wavmark/spoofed/E_0000688876_watermarked.flac,0.6648592352867126,1.143715739250183
wavmark,spoofed,E_0000740495,datasets/ASVspoof5_partitions/audio_data/spoofed/E_0000740495.flac,watermarked_audios/wavmark/spoofed/E_0000740495_watermarked.flac,1.1439796686172485,2.068413257598877
wavmark,spoofed,E_0009938323,datasets/ASVspoof5_partitions/audio_data/spoofed/E_0009938323.flac,watermarked_audios/wavmark/spoofed/E_0009938323_watermarked.flac,1.4546568393707275,2.1439757347106934
wavmark,spoofed,E_0000571047,datasets/ASVspoof5_partitions/audio_data/spoofed/E_0000571047.flac,watermarked_audios/wavmark/spoofed/E_0000571047_watermarked.flac,0.7888657450675964,1.2844979763031006
wavmark,spoofed,E_0003312290,datasets/ASVspoof5_partitions/audio_data/spoofed/E_0003312290.flac,watermarked_audios/wavmark/spoofed/E_0003312290_watermarked.flac,0.9312131404876709,1.6794688701629639
wavmark,spoofed,E_0008778609,datasets/ASVspoof5_partitions/audio_data/spoofed/E_0008778609.flac,watermarked_audios/wavmark/spoofed/E_0008778609_watermarked.flac,1.6995849609375,2.3689558506011963
wavmark,spoofed,E_0009906267,datasets/ASVspoof5_partitions/audio_data/spoofed/E_0009906267.flac,watermarked_audios/wavmark/spoofed/E_0009906267_watermarked.flac,1.7624398469924927,2.047002077102661
wavmark,spoofed,E_0006612027,datasets/ASVspoof5_partitions/audio_data/spoofed/E_0006612027.flac,watermarked_audios/wavmark/spoofed/E_0006612027_watermarked.flac,0.846362829208374,1.733305811882019
wavmark,spoofed,E_0004829349,datasets/ASVspoof5_partitions/audio_data/spoofed/E_0004829349.flac,watermarked_audios/wavmark/spoofed/E_0004829349_watermarked.flac,0.7428314685821533,1.6680290699005127
wavmark,spoofed,E_0007652850,datasets/ASVspoof5_partitions/audio_data/spoofed/E_0007652850.flac,watermarked_audios/wavmark/spoofed/E_0007652850_watermarked.flac,1.1422922611236572,1.8938270807266235
wavmark,spoofed,E_0009731399,datasets/ASVspoof5_partitions/audio_data/spoofed/E_0009731399.flac,watermarked_audios/wavmark/spoofed/E_0009731399_watermarked.flac,1.6598366498947144,1.6995508670806885
wavmark,spoofed,E_0001409042,datasets/ASVspoof5_partitions/audio_data/spoofed/E_0001409042.flac,watermarked_audios/wavmark/spoofed/E_0001409042_watermarked.flac,1.5060356855392456,2.393771171569824
wavmark,spoofed,E_0002332281,datasets/ASVspoof5_partitions/audio_data/spoofed/E_0002332281.flac,watermarked_audios/wavmark/spoofed/E_0002332281_watermarked.flac,2.068629503250122,2.6661510467529297
wavmark,spoofed,E_0005651791,datasets/ASVspoof5_partitions/audio_data/spoofed/E_0005651791.flac,watermarked_audios/wavmark/spoofed/E_0005651791_watermarked.flac,0.9351155161857605,1.960240364074707
wavmark,spoofed,E_0006748188,datasets/ASVspoof5_partitions/audio_data/spoofed/E_0006748188.flac,watermarked_audios/wavmark/spoofed/E_0006748188_watermarked.flac,0.9654335379600525,1.7847720384597778
wavmark,spoofed,E_0001936854,datasets/ASVspoof5_partitions/audio_data/spoofed/E_0001936854.flac,watermarked_audios/wavmark/spoofed/E_0001936854_watermarked.flac,0.867764949798584,1.5530399084091187
wavmark,spoofed,E_0007276592,datasets/ASVspoof5_partitions/audio_data/spoofed/E_0007276592.flac,watermarked_audios/wavmark/spoofed/E_0007276592_watermarked.flac,0.9192931056022644,1.8929976224899292
wavmark,spoofed,E_0008982215,datasets/ASVspoof5_partitions/audio_data/spoofed/E_0008982215.flac,watermarked_audios/wavmark/spoofed/E_0008982215_watermarked.flac,1.3534564971923828,1.9962642192840576
wavmark,spoofed,E_0000181548,datasets/ASVspoof5_partitions/audio_data/spoofed/E_0000181548.flac,watermarked_audios/wavmark/spoofed/E_0000181548_watermarked.flac,1.5289660692214966,1.9623456001281738
wavmark,spoofed,E_0000427470,datasets/ASVspoof5_partitions/audio_data/spoofed/E_0000427470.flac,watermarked_audios/wavmark/spoofed/E_0000427470_watermarked.flac,0.8958572149276733,1.4896105527877808
wavmark,spoofed,E_0000579112,datasets/ASVspoof5_partitions/audio_data/spoofed/E_0000579112.flac,watermarked_audios/wavmark/spoofed/E_0000579112_watermarked.flac,1.234877347946167,1.5127979516983032
wavmark,spoofed,E_0008778383,datasets/ASVspoof5_partitions/audio_data/spoofed/E_0008778383.flac,watermarked_audios/wavmark/spoofed/E_0008778383_watermarked.flac,1.4395768642425537,1.5416027307510376
wavmark,spoofed,E_0003286202,datasets/ASVspoof5_partitions/audio_data/spoofed/E_0003286202.flac,watermarked_audios/wavmark/spoofed/E_0003286202_watermarked.flac,1.061875581741333,1.3062390089035034
wavmark,spoofed,E_0003332247,datasets/ASVspoof5_partitions/audio_data/spoofed/E_0003332247.flac,watermarked_audios/wavmark/spoofed/E_0003332247_watermarked.flac,1.3674403429031372,2.0718672275543213
wavmark,spoofed,E_0001278849,datasets/ASVspoof5_partitions/audio_data/spoofed/E_0001278849.flac,watermarked_audios/wavmark/spoofed/E_0001278849_watermarked.flac,1.540690541267395,1.2874116897583008
wavmark,spoofed,E_0008818363,datasets/ASVspoof5_partitions/audio_data/spoofed/E_0008818363.flac,watermarked_audios/wavmark/spoofed/E_0008818363_watermarked.flac,1.072171688079834,1.964076042175293
wavmark,spoofed,E_0004150634,datasets/ASVspoof5_partitions/audio_data/spoofed/E_0004150634.flac,watermarked_audios/wavmark/spoofed/E_0004150634_watermarked.flac,1.202867031097412,1.221622347831726
wavmark,spoofed,E_0004647660,datasets/ASVspoof5_partitions/audio_data/spoofed/E_0004647660.flac,watermarked_audios/wavmark/spoofed/E_0004647660_watermarked.flac,1.2276556491851807,1.8750218152999878
wavmark,spoofed,E_0007988192,datasets/ASVspoof5_partitions/audio_data/spoofed/E_0007988192.flac,watermarked_audios/wavmark/spoofed/E_0007988192_watermarked.flac,1.8335915803909302,2.5070443153381348
wavmark,spoofed,E_0007347932,datasets/ASVspoof5_partitions/audio_data/spoofed/E_0007347932.flac,watermarked_audios/wavmark/spoofed/E_0007347932_watermarked.flac,1.4847114086151123,2.090402841567993
wavmark,spoofed,E_0009844367,datasets/ASVspoof5_partitions/audio_data/spoofed/E_0009844367.flac,watermarked_audios/wavmark/spoofed/E_0009844367_watermarked.flac,0.8309192657470703,1.712462067604065
wavmark,spoofed,E_0004037241,datasets/ASVspoof5_partitions/audio_data/spoofed/E_0004037241.flac,watermarked_audios/wavmark/spoofed/E_0004037241_watermarked.flac,1.1750649213790894,1.9260990619659424
wavmark,spoofed,E_0008705369,datasets/ASVspoof5_partitions/audio_data/spoofed/E_0008705369.flac,watermarked_audios/wavmark/spoofed/E_0008705369_watermarked.flac,0.7652785778045654,1.2748264074325562
wavmark,spoofed,E_0000860935,datasets/ASVspoof5_partitions/audio_data/spoofed/E_0000860935.flac,watermarked_audios/wavmark/spoofed/E_0000860935_watermarked.flac,1.050984263420105,1.9263124465942383
wavmark,spoofed,E_0001589359,datasets/ASVspoof5_partitions/audio_data/spoofed/E_0001589359.flac,watermarked_audios/wavmark/spoofed/E_0001589359_watermarked.flac,0.9800058603286743,1.518733263015747
wavmark,spoofed,E_0004859830,datasets/ASVspoof5_partitions/audio_data/spoofed/E_0004859830.flac,watermarked_audios/wavmark/spoofed/E_0004859830_watermarked.flac,1.2934014797210693,1.570675253868103
wavmark,spoofed,E_0000613214,datasets/ASVspoof5_partitions/audio_data/spoofed/E_0000613214.flac,watermarked_audios/wavmark/spoofed/E_0000613214_watermarked.flac,1.5662444829940796,1.6885682344436646
wavmark,spoofed,E_0001941524,datasets/ASVspoof5_partitions/audio_data/spoofed/E_0001941524.flac,watermarked_audios/wavmark/spoofed/E_0001941524_watermarked.flac,1.0634968280792236,1.5201324224472046
wavmark,spoofed,E_0005779091,datasets/ASVspoof5_partitions/audio_data/spoofed/E_0005779091.flac,watermarked_audios/wavmark/spoofed/E_0005779091_watermarked.flac,0.9453243017196655,1.1508562564849854
wavmark,spoofed,E_0004894264,datasets/ASVspoof5_partitions/audio_data/spoofed/E_0004894264.flac,watermarked_audios/wavmark/spoofed/E_0004894264_watermarked.flac,0.9709801077842712,1.6286931037902832
wavmark,spoofed,E_0009354034,datasets/ASVspoof5_partitions/audio_data/spoofed/E_0009354034.flac,watermarked_audios/wavmark/spoofed/E_0009354034_watermarked.flac,1.310512900352478,2.0477426052093506
wavmark,spoofed,E_0007544041,datasets/ASVspoof5_partitions/audio_data/spoofed/E_0007544041.flac,watermarked_audios/wavmark/spoofed/E_0007544041_watermarked.flac,1.2002732753753662,0.8056012988090515
wavmark,spoofed,E_0009386254,datasets/ASVspoof5_partitions/audio_data/spoofed/E_0009386254.flac,watermarked_audios/wavmark/spoofed/E_0009386254_watermarked.flac,1.0089153051376343,1.3311994075775146
wavmark,spoofed,E_0009191130,datasets/ASVspoof5_partitions/audio_data/spoofed/E_0009191130.flac,watermarked_audios/wavmark/spoofed/E_0009191130_watermarked.flac,0.8231496214866638,1.65023672580719
wavmark,spoofed,E_0009612135,datasets/ASVspoof5_partitions/audio_data/spoofed/E_0009612135.flac,watermarked_audios/wavmark/spoofed/E_0009612135_watermarked.flac,1.6457245349884033,1.4499030113220215
wavmark,spoofed,E_0002984631,datasets/ASVspoof5_partitions/audio_data/spoofed/E_0002984631.flac,watermarked_audios/wavmark/spoofed/E_0002984631_watermarked.flac,1.2027466297149658,1.911438226699829
wavmark,spoofed,E_0006118542,datasets/ASVspoof5_partitions/audio_data/spoofed/E_0006118542.flac,watermarked_audios/wavmark/spoofed/E_0006118542_watermarked.flac,1.2045652866363525,1.8035682439804077
wavmark,spoofed,E_0001356245,datasets/ASVspoof5_partitions/audio_data/spoofed/E_0001356245.flac,watermarked_audios/wavmark/spoofed/E_0001356245_watermarked.flac,1.1328364610671997,2.13034987449646
wavmark,spoofed,E_0005092163,datasets/ASVspoof5_partitions/audio_data/spoofed/E_0005092163.flac,watermarked_audios/wavmark/spoofed/E_0005092163_watermarked.flac,2.1343846321105957,2.027434825897217
wavmark,spoofed,E_0000841204,datasets/ASVspoof5_partitions/audio_data/spoofed/E_0000841204.flac,watermarked_audios/wavmark/spoofed/E_0000841204_watermarked.flac,1.013673186302185,1.2470746040344238
wavmark,spoofed,E_0005831644,datasets/ASVspoof5_partitions/audio_data/spoofed/E_0005831644.flac,watermarked_audios/wavmark/spoofed/E_0005831644_watermarked.flac,0.9178655743598938,1.5083136558532715
wavmark,spoofed,E_0009028357,datasets/ASVspoof5_partitions/audio_data/spoofed/E_0009028357.flac,watermarked_audios/wavmark/spoofed/E_0009028357_watermarked.flac,1.5167992115020752,2.1597771644592285
wavmark,spoofed,E_0006407657,datasets/ASVspoof5_partitions/audio_data/spoofed/E_0006407657.flac,watermarked_audios/wavmark/spoofed/E_0006407657_watermarked.flac,0.8025807738304138,1.075014352798462
wavmark,spoofed,E_0003035489,datasets/ASVspoof5_partitions/audio_data/spoofed/E_0003035489.flac,watermarked_audios/wavmark/spoofed/E_0003035489_watermarked.flac,1.3375353813171387,1.7269386053085327
wavmark,spoofed,E_0000037116,datasets/ASVspoof5_partitions/audio_data/spoofed/E_0000037116.flac,watermarked_audios/wavmark/spoofed/E_0000037116_watermarked.flac,1.2095986604690552,1.8889846801757812
wavmark,spoofed,E_0005094127,datasets/ASVspoof5_partitions/audio_data/spoofed/E_0005094127.flac,watermarked_audios/wavmark/spoofed/E_0005094127_watermarked.flac,1.257338047027588,2.0448460578918457
wavmark,spoofed,E_0005448472,datasets/ASVspoof5_partitions/audio_data/spoofed/E_0005448472.flac,watermarked_audios/wavmark/spoofed/E_0005448472_watermarked.flac,1.0712939500808716,2.014082193374634
wavmark,spoofed,E_0000302173,datasets/ASVspoof5_partitions/audio_data/spoofed/E_0000302173.flac,watermarked_audios/wavmark/spoofed/E_0000302173_watermarked.flac,1.2859824895858765,0.8084740042686462
wavmark,spoofed,E_0006203818,datasets/ASVspoof5_partitions/audio_data/spoofed/E_0006203818.flac,watermarked_audios/wavmark/spoofed/E_0006203818_watermarked.flac,0.9734677672386169,1.7814793586730957
wavmark,spoofed,E_0004551471,datasets/ASVspoof5_partitions/audio_data/spoofed/E_0004551471.flac,watermarked_audios/wavmark/spoofed/E_0004551471_watermarked.flac,1.8425527811050415,2.439627170562744
wavmark,spoofed,E_0005113478,datasets/ASVspoof5_partitions/audio_data/spoofed/E_0005113478.flac,watermarked_audios/wavmark/spoofed/E_0005113478_watermarked.flac,1.0685138702392578,1.3354090452194214
wavmark,spoofed,E_0006135494,datasets/ASVspoof5_partitions/audio_data/spoofed/E_0006135494.flac,watermarked_audios/wavmark/spoofed/E_0006135494_watermarked.flac,0.6083672642707825,1.4585245847702026
wavmark,spoofed,E_0002810578,datasets/ASVspoof5_partitions/audio_data/spoofed/E_0002810578.flac,watermarked_audios/wavmark/spoofed/E_0002810578_watermarked.flac,1.3824411630630493,2.15864896774292
wavmark,spoofed,E_0009276318,datasets/ASVspoof5_partitions/audio_data/spoofed/E_0009276318.flac,watermarked_audios/wavmark/spoofed/E_0009276318_watermarked.flac,0.4962441325187683,0.9372385144233704
wavmark,spoofed,E_0002768385,datasets/ASVspoof5_partitions/audio_data/spoofed/E_0002768385.flac,watermarked_audios/wavmark/spoofed/E_0002768385_watermarked.flac,1.2417964935302734,1.8083196878433228
wavmark,spoofed,E_0001811782,datasets/ASVspoof5_partitions/audio_data/spoofed/E_0001811782.flac,watermarked_audios/wavmark/spoofed/E_0001811782_watermarked.flac,1.3008406162261963,1.552722692489624
wavmark,spoofed,E_0007031856,datasets/ASVspoof5_partitions/audio_data/spoofed/E_0007031856.flac,watermarked_audios/wavmark/spoofed/E_0007031856_watermarked.flac,1.0951948165893555,1.812065839767456
wavmark,spoofed,E_0003975007,datasets/ASVspoof5_partitions/audio_data/spoofed/E_0003975007.flac,watermarked_audios/wavmark/spoofed/E_0003975007_watermarked.flac,1.9667539596557617,1.9073508977890015
wavmark,spoofed,E_0008246230,datasets/ASVspoof5_partitions/audio_data/spoofed/E_0008246230.flac,watermarked_audios/wavmark/spoofed/E_0008246230_watermarked.flac,1.722826361656189,1.5235049724578857
wavmark,spoofed,E_0009795866,datasets/ASVspoof5_partitions/audio_data/spoofed/E_0009795866.flac,watermarked_audios/wavmark/spoofed/E_0009795866_watermarked.flac,1.042570948600769,1.2093071937561035
wavmark,spoofed,E_0003516743,datasets/ASVspoof5_partitions/audio_data/spoofed/E_0003516743.flac,watermarked_audios/wavmark/spoofed/E_0003516743_watermarked.flac,1.1931771039962769,1.212019443511963
wavmark,spoofed,E_0002258045,datasets/ASVspoof5_partitions/audio_data/spoofed/E_0002258045.flac,watermarked_audios/wavmark/spoofed/E_0002258045_watermarked.flac,1.3144397735595703,2.0465760231018066
wavmark,spoofed,E_0009056179,datasets/ASVspoof5_partitions/audio_data/spoofed/E_0009056179.flac,watermarked_audios/wavmark/spoofed/E_0009056179_watermarked.flac,1.3074419498443604,2.2350540161132812
wavmark,spoofed,E_0005387705,datasets/ASVspoof5_partitions/audio_data/spoofed/E_0005387705.flac,watermarked_audios/wavmark/spoofed/E_0005387705_watermarked.flac,1.2197538614273071,1.954303503036499
wavmark,spoofed,E_0000227295,datasets/ASVspoof5_partitions/audio_data/spoofed/E_0000227295.flac,watermarked_audios/wavmark/spoofed/E_0000227295_watermarked.flac,1.0269023180007935,1.4302480220794678
wavmark,spoofed,E_0005610176,datasets/ASVspoof5_partitions/audio_data/spoofed/E_0005610176.flac,watermarked_audios/wavmark/spoofed/E_0005610176_watermarked.flac,1.4577513933181763,1.7604963779449463
wavmark,spoofed,E_0008292813,datasets/ASVspoof5_partitions/audio_data/spoofed/E_0008292813.flac,watermarked_audios/wavmark/spoofed/E_0008292813_watermarked.flac,0.7669270038604736,1.3596163988113403
wavmark,spoofed,E_0003890574,datasets/ASVspoof5_partitions/audio_data/spoofed/E_0003890574.flac,watermarked_audios/wavmark/spoofed/E_0003890574_watermarked.flac,0.646670401096344,1.4629595279693604
wavmark,spoofed,E_0001326075,datasets/ASVspoof5_partitions/audio_data/spoofed/E_0001326075.flac,watermarked_audios/wavmark/spoofed/E_0001326075_watermarked.flac,0.9241786599159241,0.952034056186676
wavmark,spoofed,E_0009041645,datasets/ASVspoof5_partitions/audio_data/spoofed/E_0009041645.flac,watermarked_audios/wavmark/spoofed/E_0009041645_watermarked.flac,0.9815560579299927,1.2702528238296509
wavmark,spoofed,E_0008133274,datasets/ASVspoof5_partitions/audio_data/spoofed/E_0008133274.flac,watermarked_audios/wavmark/spoofed/E_0008133274_watermarked.flac,1.022321105003357,1.6290791034698486
wavmark,spoofed,E_0004680698,datasets/ASVspoof5_partitions/audio_data/spoofed/E_0004680698.flac,watermarked_audios/wavmark/spoofed/E_0004680698_watermarked.flac,1.109789252281189,2.1114890575408936
wavmark,spoofed,E_0002523775,datasets/ASVspoof5_partitions/audio_data/spoofed/E_0002523775.flac,watermarked_audios/wavmark/spoofed/E_0002523775_watermarked.flac,1.915467619895935,1.8550910949707031
wavmark,spoofed,E_0004367644,datasets/ASVspoof5_partitions/audio_data/spoofed/E_0004367644.flac,watermarked_audios/wavmark/spoofed/E_0004367644_watermarked.flac,1.0177860260009766,1.9782143831253052
wavmark,spoofed,E_0006734182,datasets/ASVspoof5_partitions/audio_data/spoofed/E_0006734182.flac,watermarked_audios/wavmark/spoofed/E_0006734182_watermarked.flac,0.9933533668518066,1.4333771467208862
wavmark,spoofed,E_0001161561,datasets/ASVspoof5_partitions/audio_data/spoofed/E_0001161561.flac,watermarked_audios/wavmark/spoofed/E_0001161561_watermarked.flac,1.1568119525909424,1.400033712387085
wavmark,spoofed,E_0004704800,datasets/ASVspoof5_partitions/audio_data/spoofed/E_0004704800.flac,watermarked_audios/wavmark/spoofed/E_0004704800_watermarked.flac,1.5057320594787598,2.105328321456909
wavmark,spoofed,E_0008956818,datasets/ASVspoof5_partitions/audio_data/spoofed/E_0008956818.flac,watermarked_audios/wavmark/spoofed/E_0008956818_watermarked.flac,1.446414589881897,2.2254106998443604
wavmark,spoofed,E_0000869262,datasets/ASVspoof5_partitions/audio_data/spoofed/E_0000869262.flac,watermarked_audios/wavmark/spoofed/E_0000869262_watermarked.flac,1.3569880723953247,1.7368628978729248
wavmark,spoofed,E_0001478630,datasets/ASVspoof5_partitions/audio_data/spoofed/E_0001478630.flac,watermarked_audios/wavmark/spoofed/E_0001478630_watermarked.flac,1.488917350769043,1.8208794593811035
wavmark,spoofed,E_0009384898,datasets/ASVspoof5_partitions/audio_data/spoofed/E_0009384898.flac,watermarked_audios/wavmark/spoofed/E_0009384898_watermarked.flac,2.095048189163208,1.9849783182144165
wavmark,spoofed,E_0005671523,datasets/ASVspoof5_partitions/audio_data/spoofed/E_0005671523.flac,watermarked_audios/wavmark/spoofed/E_0005671523_watermarked.flac,1.1291389465332031,1.5318022966384888
wavmark,spoofed,E_0007893774,datasets/ASVspoof5_partitions/audio_data/spoofed/E_0007893774.flac,watermarked_audios/wavmark/spoofed/E_0007893774_watermarked.flac,1.315903902053833,1.4510170221328735
wavmark,spoofed,E_0002481762,datasets/ASVspoof5_partitions/audio_data/spoofed/E_0002481762.flac,watermarked_audios/wavmark/spoofed/E_0002481762_watermarked.flac,0.921230137348175,1.3723199367523193
wavmark,spoofed,E_0000540119,datasets/ASVspoof5_partitions/audio_data/spoofed/E_0000540119.flac,watermarked_audios/wavmark/spoofed/E_0000540119_watermarked.flac,0.9182315468788147,1.1232796907424927
wavmark,spoofed,E_0004298649,datasets/ASVspoof5_partitions/audio_data/spoofed/E_0004298649.flac,watermarked_audios/wavmark/spoofed/E_0004298649_watermarked.flac,1.6632004976272583,1.4529399871826172
wavmark,spoofed,E_0008840837,datasets/ASVspoof5_partitions/audio_data/spoofed/E_0008840837.flac,watermarked_audios/wavmark/spoofed/E_0008840837_watermarked.flac,1.6935054063796997,2.273014545440674
wavmark,spoofed,E_0009924368,datasets/ASVspoof5_partitions/audio_data/spoofed/E_0009924368.flac,watermarked_audios/wavmark/spoofed/E_0009924368_watermarked.flac,1.3430695533752441,1.3575644493103027
wavmark,spoofed,E_0005267978,datasets/ASVspoof5_partitions/audio_data/spoofed/E_0005267978.flac,watermarked_audios/wavmark/spoofed/E_0005267978_watermarked.flac,0.8787146806716919,1.4335800409317017
wavmark,spoofed,E_0006211666,datasets/ASVspoof5_partitions/audio_data/spoofed/E_0006211666.flac,watermarked_audios/wavmark/spoofed/E_0006211666_watermarked.flac,1.3814531564712524,1.8958649635314941
wavmark,spoofed,E_0003636012,datasets/ASVspoof5_partitions/audio_data/spoofed/E_0003636012.flac,watermarked_audios/wavmark/spoofed/E_0003636012_watermarked.flac,0.46571406722068787,1.0350582599639893
wavmark,spoofed,E_0006285134,datasets/ASVspoof5_partitions/audio_data/spoofed/E_0006285134.flac,watermarked_audios/wavmark/spoofed/E_0006285134_watermarked.flac,1.7712916135787964,1.7981531620025635
wavmark,spoofed,E_0002395442,datasets/ASVspoof5_partitions/audio_data/spoofed/E_0002395442.flac,watermarked_audios/wavmark/spoofed/E_0002395442_watermarked.flac,1.0134177207946777,1.3174351453781128
wavmark,spoofed,E_0003020870,datasets/ASVspoof5_partitions/audio_data/spoofed/E_0003020870.flac,watermarked_audios/wavmark/spoofed/E_0003020870_watermarked.flac,1.1799348592758179,1.9569441080093384
wavmark,spoofed,E_0001706021,datasets/ASVspoof5_partitions/audio_data/spoofed/E_0001706021.flac,watermarked_audios/wavmark/spoofed/E_0001706021_watermarked.flac,1.2349733114242554,1.7377064228057861
wavmark,spoofed,E_0009729190,datasets/ASVspoof5_partitions/audio_data/spoofed/E_0009729190.flac,watermarked_audios/wavmark/spoofed/E_0009729190_watermarked.flac,0.9031231999397278,1.800032138824463
wavmark,spoofed,E_0001578323,datasets/ASVspoof5_partitions/audio_data/spoofed/E_0001578323.flac,watermarked_audios/wavmark/spoofed/E_0001578323_watermarked.flac,1.0071697235107422,1.3747124671936035
wavmark,spoofed,E_0004263944,datasets/ASVspoof5_partitions/audio_data/spoofed/E_0004263944.flac,watermarked_audios/wavmark/spoofed/E_0004263944_watermarked.flac,0.641715943813324,0.9205241203308105
wavmark,spoofed,E_0001621932,datasets/ASVspoof5_partitions/audio_data/spoofed/E_0001621932.flac,watermarked_audios/wavmark/spoofed/E_0001621932_watermarked.flac,0.4328630864620209,0.9374366998672485
wavmark,spoofed,E_0006168140,datasets/ASVspoof5_partitions/audio_data/spoofed/E_0006168140.flac,watermarked_audios/wavmark/spoofed/E_0006168140_watermarked.flac,1.0908507108688354,1.6499923467636108
wavmark,spoofed,E_0009334964,datasets/ASVspoof5_partitions/audio_data/spoofed/E_0009334964.flac,watermarked_audios/wavmark/spoofed/E_0009334964_watermarked.flac,1.434230923652649,2.0164217948913574
wavmark,spoofed,E_0008913475,datasets/ASVspoof5_partitions/audio_data/spoofed/E_0008913475.flac,watermarked_audios/wavmark/spoofed/E_0008913475_watermarked.flac,0.9335536360740662,1.5655759572982788
wavmark,spoofed,E_0007044173,datasets/ASVspoof5_partitions/audio_data/spoofed/E_0007044173.flac,watermarked_audios/wavmark/spoofed/E_0007044173_watermarked.flac,1.325351595878601,2.015939950942993
wavmark,spoofed,E_0000562839,datasets/ASVspoof5_partitions/audio_data/spoofed/E_0000562839.flac,watermarked_audios/wavmark/spoofed/E_0000562839_watermarked.flac,1.2819058895111084,1.6721203327178955
wavmark,spoofed,E_0003212174,datasets/ASVspoof5_partitions/audio_data/spoofed/E_0003212174.flac,watermarked_audios/wavmark/spoofed/E_0003212174_watermarked.flac,1.15264093875885,1.1587642431259155
wavmark,spoofed,E_0009770078,datasets/ASVspoof5_partitions/audio_data/spoofed/E_0009770078.flac,watermarked_audios/wavmark/spoofed/E_0009770078_watermarked.flac,0.7664545178413391,0.9984034895896912
wavmark,spoofed,E_0003336437,datasets/ASVspoof5_partitions/audio_data/spoofed/E_0003336437.flac,watermarked_audios/wavmark/spoofed/E_0003336437_watermarked.flac,1.3491530418395996,1.6659613847732544
wavmark,spoofed,E_0001786480,datasets/ASVspoof5_partitions/audio_data/spoofed/E_0001786480.flac,watermarked_audios/wavmark/spoofed/E_0001786480_watermarked.flac,1.2134195566177368,1.7551497220993042
wavmark,spoofed,E_0005465601,datasets/ASVspoof5_partitions/audio_data/spoofed/E_0005465601.flac,watermarked_audios/wavmark/spoofed/E_0005465601_watermarked.flac,1.8129011392593384,2.4797513484954834
wavmark,spoofed,E_0002119027,datasets/ASVspoof5_partitions/audio_data/spoofed/E_0002119027.flac,watermarked_audios/wavmark/spoofed/E_0002119027_watermarked.flac,1.3328312635421753,1.9937487840652466
wavmark,spoofed,E_0007454880,datasets/ASVspoof5_partitions/audio_data/spoofed/E_0007454880.flac,watermarked_audios/wavmark/spoofed/E_0007454880_watermarked.flac,0.736321210861206,1.5142909288406372
wavmark,spoofed,E_0009860508,datasets/ASVspoof5_partitions/audio_data/spoofed/E_0009860508.flac,watermarked_audios/wavmark/spoofed/E_0009860508_watermarked.flac,0.9215341210365295,1.6261160373687744
wavmark,spoofed,E_0001870600,datasets/ASVspoof5_partitions/audio_data/spoofed/E_0001870600.flac,watermarked_audios/wavmark/spoofed/E_0001870600_watermarked.flac,0.8379671573638916,1.4655239582061768
wavmark,spoofed,E_0003340157,datasets/ASVspoof5_partitions/audio_data/spoofed/E_0003340157.flac,watermarked_audios/wavmark/spoofed/E_0003340157_watermarked.flac,1.3892295360565186,1.3119350671768188
wavmark,spoofed,E_0001525085,datasets/ASVspoof5_partitions/audio_data/spoofed/E_0001525085.flac,watermarked_audios/wavmark/spoofed/E_0001525085_watermarked.flac,2.3322317600250244,2.234776735305786
wavmark,spoofed,E_0008742439,datasets/ASVspoof5_partitions/audio_data/spoofed/E_0008742439.flac,watermarked_audios/wavmark/spoofed/E_0008742439_watermarked.flac,0.9256846308708191,1.8886094093322754
wavmark,spoofed,E_0008681146,datasets/ASVspoof5_partitions/audio_data/spoofed/E_0008681146.flac,watermarked_audios/wavmark/spoofed/E_0008681146_watermarked.flac,1.2500563859939575,2.097397565841675
wavmark,spoofed,E_0007577714,datasets/ASVspoof5_partitions/audio_data/spoofed/E_0007577714.flac,watermarked_audios/wavmark/spoofed/E_0007577714_watermarked.flac,0.554884135723114,1.126420259475708
wavmark,spoofed,E_0006106883,datasets/ASVspoof5_partitions/audio_data/spoofed/E_0006106883.flac,watermarked_audios/wavmark/spoofed/E_0006106883_watermarked.flac,0.6108012795448303,1.2522969245910645
wavmark,spoofed,E_0000014603,datasets/ASVspoof5_partitions/audio_data/spoofed/E_0000014603.flac,watermarked_audios/wavmark/spoofed/E_0000014603_watermarked.flac,1.1023426055908203,0.8744059801101685
wavmark,spoofed,E_0007981693,datasets/ASVspoof5_partitions/audio_data/spoofed/E_0007981693.flac,watermarked_audios/wavmark/spoofed/E_0007981693_watermarked.flac,0.6460428833961487,1.5330398082733154
wavmark,spoofed,E_0001253940,datasets/ASVspoof5_partitions/audio_data/spoofed/E_0001253940.flac,watermarked_audios/wavmark/spoofed/E_0001253940_watermarked.flac,0.7537397742271423,1.2865610122680664
wavmark,spoofed,E_0001878898,datasets/ASVspoof5_partitions/audio_data/spoofed/E_0001878898.flac,watermarked_audios/wavmark/spoofed/E_0001878898_watermarked.flac,1.006683588027954,1.8438321352005005
wavmark,spoofed,E_0006255348,datasets/ASVspoof5_partitions/audio_data/spoofed/E_0006255348.flac,watermarked_audios/wavmark/spoofed/E_0006255348_watermarked.flac,0.9450911283493042,1.2737674713134766
wavmark,spoofed,E_0004621745,datasets/ASVspoof5_partitions/audio_data/spoofed/E_0004621745.flac,watermarked_audios/wavmark/spoofed/E_0004621745_watermarked.flac,1.44160795211792,1.84498929977417
wavmark,spoofed,E_0002476724,datasets/ASVspoof5_partitions/audio_data/spoofed/E_0002476724.flac,watermarked_audios/wavmark/spoofed/E_0002476724_watermarked.flac,1.2444552183151245,1.7882896661758423
wavmark,spoofed,E_0009864863,datasets/ASVspoof5_partitions/audio_data/spoofed/E_0009864863.flac,watermarked_audios/wavmark/spoofed/E_0009864863_watermarked.flac,0.9817727208137512,1.2207521200180054
wavmark,spoofed,E_0007967856,datasets/ASVspoof5_partitions/audio_data/spoofed/E_0007967856.flac,watermarked_audios/wavmark/spoofed/E_0007967856_watermarked.flac,1.006457805633545,1.197979211807251
wavmark,spoofed,E_0004970342,datasets/ASVspoof5_partitions/audio_data/spoofed/E_0004970342.flac,watermarked_audios/wavmark/spoofed/E_0004970342_watermarked.flac,1.137757420539856,1.777032494544983
wavmark,spoofed,E_0006374044,datasets/ASVspoof5_partitions/audio_data/spoofed/E_0006374044.flac,watermarked_audios/wavmark/spoofed/E_0006374044_watermarked.flac,0.949639081954956,1.622069001197815
wavmark,spoofed,E_0000797860,datasets/ASVspoof5_partitions/audio_data/spoofed/E_0000797860.flac,watermarked_audios/wavmark/spoofed/E_0000797860_watermarked.flac,1.4748752117156982,2.057375907897949
wavmark,spoofed,E_0006142304,datasets/ASVspoof5_partitions/audio_data/spoofed/E_0006142304.flac,watermarked_audios/wavmark/spoofed/E_0006142304_watermarked.flac,1.3592854738235474,1.9499387741088867
wavmark,spoofed,E_0001830486,datasets/ASVspoof5_partitions/audio_data/spoofed/E_0001830486.flac,watermarked_audios/wavmark/spoofed/E_0001830486_watermarked.flac,2.0894815921783447,2.0377326011657715
wavmark,spoofed,E_0008039053,datasets/ASVspoof5_partitions/audio_data/spoofed/E_0008039053.flac,watermarked_audios/wavmark/spoofed/E_0008039053_watermarked.flac,1.3205230236053467,1.577771544456482
wavmark,spoofed,E_0001259916,datasets/ASVspoof5_partitions/audio_data/spoofed/E_0001259916.flac,watermarked_audios/wavmark/spoofed/E_0001259916_watermarked.flac,0.8575541973114014,1.5579606294631958
wavmark,spoofed,E_0005444244,datasets/ASVspoof5_partitions/audio_data/spoofed/E_0005444244.flac,watermarked_audios/wavmark/spoofed/E_0005444244_watermarked.flac,1.9587187767028809,2.6889913082122803
wavmark,spoofed,E_0009252414,datasets/ASVspoof5_partitions/audio_data/spoofed/E_0009252414.flac,watermarked_audios/wavmark/spoofed/E_0009252414_watermarked.flac,0.9745021462440491,1.7586678266525269
wavmark,spoofed,E_0003026131,datasets/ASVspoof5_partitions/audio_data/spoofed/E_0003026131.flac,watermarked_audios/wavmark/spoofed/E_0003026131_watermarked.flac,0.897118091583252,0.7795981764793396
wavmark,spoofed,E_0002447434,datasets/ASVspoof5_partitions/audio_data/spoofed/E_0002447434.flac,watermarked_audios/wavmark/spoofed/E_0002447434_watermarked.flac,0.9678356647491455,2.021589517593384
wavmark,spoofed,E_0006928058,datasets/ASVspoof5_partitions/audio_data/spoofed/E_0006928058.flac,watermarked_audios/wavmark/spoofed/E_0006928058_watermarked.flac,0.8730002641677856,1.7430570125579834
wavmark,spoofed,E_0000243667,datasets/ASVspoof5_partitions/audio_data/spoofed/E_0000243667.flac,watermarked_audios/wavmark/spoofed/E_0000243667_watermarked.flac,0.6704174280166626,0.970967710018158
wavmark,spoofed,E_0000202886,datasets/ASVspoof5_partitions/audio_data/spoofed/E_0000202886.flac,watermarked_audios/wavmark/spoofed/E_0000202886_watermarked.flac,0.8389995694160461,1.6816918849945068
wavmark,spoofed,E_0003868134,datasets/ASVspoof5_partitions/audio_data/spoofed/E_0003868134.flac,watermarked_audios/wavmark/spoofed/E_0003868134_watermarked.flac,1.192251205444336,1.6009488105773926
wavmark,spoofed,E_0004790175,datasets/ASVspoof5_partitions/audio_data/spoofed/E_0004790175.flac,watermarked_audios/wavmark/spoofed/E_0004790175_watermarked.flac,0.6318866014480591,1.3255810737609863
wavmark,spoofed,E_0000960612,datasets/ASVspoof5_partitions/audio_data/spoofed/E_0000960612.flac,watermarked_audios/wavmark/spoofed/E_0000960612_watermarked.flac,0.886747419834137,1.2570878267288208
wavmark,spoofed,E_0000588498,datasets/ASVspoof5_partitions/audio_data/spoofed/E_0000588498.flac,watermarked_audios/wavmark/spoofed/E_0000588498_watermarked.flac,1.6194285154342651,2.339240312576294
wavmark,spoofed,E_0001239116,datasets/ASVspoof5_partitions/audio_data/spoofed/E_0001239116.flac,watermarked_audios/wavmark/spoofed/E_0001239116_watermarked.flac,1.1384530067443848,1.8039331436157227
wavmark,spoofed,E_0003506496,datasets/ASVspoof5_partitions/audio_data/spoofed/E_0003506496.flac,watermarked_audios/wavmark/spoofed/E_0003506496_watermarked.flac,2.3555309772491455,2.5350332260131836
wavmark,spoofed,E_0007916945,datasets/ASVspoof5_partitions/audio_data/spoofed/E_0007916945.flac,watermarked_audios/wavmark/spoofed/E_0007916945_watermarked.flac,0.41013556718826294,0.5241886973381042
wavmark,spoofed,E_0003483731,datasets/ASVspoof5_partitions/audio_data/spoofed/E_0003483731.flac,watermarked_audios/wavmark/spoofed/E_0003483731_watermarked.flac,0.8571839332580566,0.9748051166534424
wavmark,spoofed,E_0000382391,datasets/ASVspoof5_partitions/audio_data/spoofed/E_0000382391.flac,watermarked_audios/wavmark/spoofed/E_0000382391_watermarked.flac,1.5028659105300903,2.1207804679870605
wavmark,spoofed,E_0005093203,datasets/ASVspoof5_partitions/audio_data/spoofed/E_0005093203.flac,watermarked_audios/wavmark/spoofed/E_0005093203_watermarked.flac,1.1278581619262695,1.2104337215423584
wavmark,spoofed,E_0001865690,datasets/ASVspoof5_partitions/audio_data/spoofed/E_0001865690.flac,watermarked_audios/wavmark/spoofed/E_0001865690_watermarked.flac,0.8490237593650818,1.0162433385849
wavmark,spoofed,E_0007321083,datasets/ASVspoof5_partitions/audio_data/spoofed/E_0007321083.flac,watermarked_audios/wavmark/spoofed/E_0007321083_watermarked.flac,1.0507158041000366,1.84755539894104
wavmark,spoofed,E_0005012694,datasets/ASVspoof5_partitions/audio_data/spoofed/E_0005012694.flac,watermarked_audios/wavmark/spoofed/E_0005012694_watermarked.flac,1.4766993522644043,1.7574665546417236
wavmark,spoofed,E_0001502563,datasets/ASVspoof5_partitions/audio_data/spoofed/E_0001502563.flac,watermarked_audios/wavmark/spoofed/E_0001502563_watermarked.flac,0.9876830577850342,1.2563005685806274
wavmark,spoofed,E_0003439865,datasets/ASVspoof5_partitions/audio_data/spoofed/E_0003439865.flac,watermarked_audios/wavmark/spoofed/E_0003439865_watermarked.flac,1.0967856645584106,1.1517363786697388
wavmark,spoofed,E_0006601716,datasets/ASVspoof5_partitions/audio_data/spoofed/E_0006601716.flac,watermarked_audios/wavmark/spoofed/E_0006601716_watermarked.flac,1.3086673021316528,1.8724174499511719
wavmark,spoofed,E_0008832850,datasets/ASVspoof5_partitions/audio_data/spoofed/E_0008832850.flac,watermarked_audios/wavmark/spoofed/E_0008832850_watermarked.flac,1.735555648803711,2.388716459274292
wavmark,spoofed,E_0006172546,datasets/ASVspoof5_partitions/audio_data/spoofed/E_0006172546.flac,watermarked_audios/wavmark/spoofed/E_0006172546_watermarked.flac,1.238364815711975,1.0474902391433716
wavmark,spoofed,E_0003234522,datasets/ASVspoof5_partitions/audio_data/spoofed/E_0003234522.flac,watermarked_audios/wavmark/spoofed/E_0003234522_watermarked.flac,1.0364140272140503,0.982994556427002
wavmark,spoofed,E_0009772537,datasets/ASVspoof5_partitions/audio_data/spoofed/E_0009772537.flac,watermarked_audios/wavmark/spoofed/E_0009772537_watermarked.flac,1.2043417692184448,2.1915035247802734
wavmark,spoofed,E_0008493026,datasets/ASVspoof5_partitions/audio_data/spoofed/E_0008493026.flac,watermarked_audios/wavmark/spoofed/E_0008493026_watermarked.flac,1.2203375101089478,1.0748693943023682
wavmark,spoofed,E_0003452038,datasets/ASVspoof5_partitions/audio_data/spoofed/E_0003452038.flac,watermarked_audios/wavmark/spoofed/E_0003452038_watermarked.flac,0.9613504409790039,1.5125339031219482
wavmark,spoofed,E_0001779618,datasets/ASVspoof5_partitions/audio_data/spoofed/E_0001779618.flac,watermarked_audios/wavmark/spoofed/E_0001779618_watermarked.flac,0.88069087266922,1.315506100654602
wavmark,spoofed,E_0000109302,datasets/ASVspoof5_partitions/audio_data/spoofed/E_0000109302.flac,watermarked_audios/wavmark/spoofed/E_0000109302_watermarked.flac,0.7431146502494812,1.3697012662887573
wavmark,spoofed,E_0001596764,datasets/ASVspoof5_partitions/audio_data/spoofed/E_0001596764.flac,watermarked_audios/wavmark/spoofed/E_0001596764_watermarked.flac,1.202386498451233,2.052673578262329
wavmark,spoofed,E_0006022144,datasets/ASVspoof5_partitions/audio_data/spoofed/E_0006022144.flac,watermarked_audios/wavmark/spoofed/E_0006022144_watermarked.flac,1.5056554079055786,1.1378238201141357
wavmark,spoofed,E_0008234408,datasets/ASVspoof5_partitions/audio_data/spoofed/E_0008234408.flac,watermarked_audios/wavmark/spoofed/E_0008234408_watermarked.flac,1.8465014696121216,2.328875780105591
wavmark,spoofed,E_0000719088,datasets/ASVspoof5_partitions/audio_data/spoofed/E_0000719088.flac,watermarked_audios/wavmark/spoofed/E_0000719088_watermarked.flac,1.0189032554626465,1.3396929502487183
wavmark,spoofed,E_0007578609,datasets/ASVspoof5_partitions/audio_data/spoofed/E_0007578609.flac,watermarked_audios/wavmark/spoofed/E_0007578609_watermarked.flac,1.50679612159729,1.6222831010818481
wavmark,spoofed,E_0001886791,datasets/ASVspoof5_partitions/audio_data/spoofed/E_0001886791.flac,watermarked_audios/wavmark/spoofed/E_0001886791_watermarked.flac,0.8112809658050537,1.53085196018219
wavmark,spoofed,E_0009509266,datasets/ASVspoof5_partitions/audio_data/spoofed/E_0009509266.flac,watermarked_audios/wavmark/spoofed/E_0009509266_watermarked.flac,0.9214244484901428,1.5202035903930664
wavmark,spoofed,E_0004392253,datasets/ASVspoof5_partitions/audio_data/spoofed/E_0004392253.flac,watermarked_audios/wavmark/spoofed/E_0004392253_watermarked.flac,1.577595829963684,2.288914442062378
wavmark,spoofed,E_0005660821,datasets/ASVspoof5_partitions/audio_data/spoofed/E_0005660821.flac,watermarked_audios/wavmark/spoofed/E_0005660821_watermarked.flac,1.4185329675674438,1.7349239587783813
wavmark,spoofed,E_0002687729,datasets/ASVspoof5_partitions/audio_data/spoofed/E_0002687729.flac,watermarked_audios/wavmark/spoofed/E_0002687729_watermarked.flac,1.0292729139328003,1.8505620956420898
wavmark,spoofed,E_0004038216,datasets/ASVspoof5_partitions/audio_data/spoofed/E_0004038216.flac,watermarked_audios/wavmark/spoofed/E_0004038216_watermarked.flac,1.0599169731140137,1.1925263404846191
wavmark,spoofed,E_0005222211,datasets/ASVspoof5_partitions/audio_data/spoofed/E_0005222211.flac,watermarked_audios/wavmark/spoofed/E_0005222211_watermarked.flac,1.1268116235733032,1.654991865158081
wavmark,spoofed,E_0001908780,datasets/ASVspoof5_partitions/audio_data/spoofed/E_0001908780.flac,watermarked_audios/wavmark/spoofed/E_0001908780_watermarked.flac,0.9644812941551208,1.6640846729278564
wavmark,spoofed,E_0002833565,datasets/ASVspoof5_partitions/audio_data/spoofed/E_0002833565.flac,watermarked_audios/wavmark/spoofed/E_0002833565_watermarked.flac,0.999460756778717,1.5033109188079834
wavmark,spoofed,E_0006760490,datasets/ASVspoof5_partitions/audio_data/spoofed/E_0006760490.flac,watermarked_audios/wavmark/spoofed/E_0006760490_watermarked.flac,1.1221435070037842,1.7654894590377808
wavmark,spoofed,E_0003508554,datasets/ASVspoof5_partitions/audio_data/spoofed/E_0003508554.flac,watermarked_audios/wavmark/spoofed/E_0003508554_watermarked.flac,1.7035415172576904,2.325657844543457
wavmark,spoofed,E_0000443885,datasets/ASVspoof5_partitions/audio_data/spoofed/E_0000443885.flac,watermarked_audios/wavmark/spoofed/E_0000443885_watermarked.flac,1.702057957649231,2.269714593887329
wavmark,spoofed,E_0003895154,datasets/ASVspoof5_partitions/audio_data/spoofed/E_0003895154.flac,watermarked_audios/wavmark/spoofed/E_0003895154_watermarked.flac,1.483088493347168,1.5516654253005981
wavmark,spoofed,E_0008254680,datasets/ASVspoof5_partitions/audio_data/spoofed/E_0008254680.flac,watermarked_audios/wavmark/spoofed/E_0008254680_watermarked.flac,1.3016976118087769,2.049485683441162
wavmark,spoofed,E_0008951092,datasets/ASVspoof5_partitions/audio_data/spoofed/E_0008951092.flac,watermarked_audios/wavmark/spoofed/E_0008951092_watermarked.flac,1.51646888256073,2.3350296020507812
wavmark,spoofed,E_0005582328,datasets/ASVspoof5_partitions/audio_data/spoofed/E_0005582328.flac,watermarked_audios/wavmark/spoofed/E_0005582328_watermarked.flac,0.601804256439209,1.4520924091339111
wavmark,spoofed,E_0007232647,datasets/ASVspoof5_partitions/audio_data/spoofed/E_0007232647.flac,watermarked_audios/wavmark/spoofed/E_0007232647_watermarked.flac,1.1039538383483887,1.534213900566101
wavmark,spoofed,E_0007461642,datasets/ASVspoof5_partitions/audio_data/spoofed/E_0007461642.flac,watermarked_audios/wavmark/spoofed/E_0007461642_watermarked.flac,1.4279488325119019,1.793570637702942
wavmark,spoofed,E_0001178823,datasets/ASVspoof5_partitions/audio_data/spoofed/E_0001178823.flac,watermarked_audios/wavmark/spoofed/E_0001178823_watermarked.flac,0.853381872177124,1.0556752681732178
wavmark,spoofed,E_0004552234,datasets/ASVspoof5_partitions/audio_data/spoofed/E_0004552234.flac,watermarked_audios/wavmark/spoofed/E_0004552234_watermarked.flac,1.3111242055892944,1.6783154010772705
wavmark,spoofed,E_0001293097,datasets/ASVspoof5_partitions/audio_data/spoofed/E_0001293097.flac,watermarked_audios/wavmark/spoofed/E_0001293097_watermarked.flac,1.6479514837265015,1.713219165802002
wavmark,spoofed,E_0002612888,datasets/ASVspoof5_partitions/audio_data/spoofed/E_0002612888.flac,watermarked_audios/wavmark/spoofed/E_0002612888_watermarked.flac,0.8478360772132874,1.4531035423278809
wavmark,spoofed,E_0005960350,datasets/ASVspoof5_partitions/audio_data/spoofed/E_0005960350.flac,watermarked_audios/wavmark/spoofed/E_0005960350_watermarked.flac,1.8554489612579346,1.7148631811141968
wavmark,spoofed,E_0005626349,datasets/ASVspoof5_partitions/audio_data/spoofed/E_0005626349.flac,watermarked_audios/wavmark/spoofed/E_0005626349_watermarked.flac,0.8234867453575134,0.932203471660614
